source;target;regex;http_code
^/archives/1454-[^/]*$;/evenement/2404-librairie-la-louve-saint-sever-40-charlie-tastet;1;301
^/archives/1342-[^/]*$;/evenement/0605-dax-40-passiflore;1;301
^/archives/1457-[^/]*$;/evenement/1305-maison-garbay-luglon-40-charlie-tastet;1;301
^/archives/1455-[^/]*$;/evenement/1905-les-chemins-de-la-republique-toulouse-31-marc-large;1;301
^/archives/1448-[^/]*$;/evenement/2805-mediatheque-d-hagetmau-40-bertrand-lucq-et-passiflore;1;301
^/archives/1444-[^/]*$;/evenement/3005-librairie-jeux-de-mots-cadillac-33-patrick-azzurra;1;301
^/archives/1447-[^/]*$;/evenement/3005-salon-du-livre-de-sport-trelissac-24-j-m-cormary-lafon-et-serge-collinet;1;301
^/archives/1452-[^/]*$;/evenement/2706-castets-40-david-dupouy-et-passiflore;1;301
^/archives/1456-[^/]*$;/evenement/0208-festival-de-la-bd-eauze-32-david-dupouy;1;301
^/archives/1451-[^/]*$;/evenement/0904-editions-passiflore-dax-40-charlie-tastet;1;301
^/archives/1453-[^/]*$;/evenement/0404-vivre-livre-figeac-46-jean-darot;1;301
^/archives/1438-[^/]*$;/evenement/27-28-et-2903-escales-du-livre-bordeaux-33-passiflore;1;301
^/archives/1450-[^/]*$;/evenement/27-et-2803-centre-ville-dax-40-passiflore;1;301
^/archives/1446-[^/]*$;/evenement/2003-mediatheque-de-tercis-40-lecture-de-l-homme-semence-de-jean-darot;1;301
^/archives/1449-[^/]*$;/evenement/1503-prehistosite-de-brassempouy-40-francoise-guillaumond;1;301
^/archives/1445-[^/]*$;/evenement/0503-boutique-comme-autrefois-dans-les-landes-dax-40-jean-tucoo-chala-et-passiflore;1;301
^/archives/1443-[^/]*$;/evenement/0103-espace-villepreux-saint-aubin-de-medoc-33-patrick-azzurra;1;301
^/archives/1361-[^/]*$;/evenement/2402-salle-felix-arnaudin-st-paul-les-dax-40-frederic-sudupe-avec-l-utl;1;301
^/archives/1442-[^/]*$;/evenement/2102-bibliotheque-le-gourbet-vendays-montalivet-33-patrick-azzurra;1;301
^/archives/1415-[^/]*$;/evenement/1502-mediatheque-de-mont-de-marsan-40-frederic-sudupe;1;301
^/archives/1441-[^/]*$;/evenement/1302-mediatheque-de-morcenx-la-nouvelle-40-mary-luce-pla;1;301
^/archives/1422-[^/]*$;/evenement/07-et-0802-festival-lire-au-pradet-83-jean-darot;1;301
^/archives/1421-[^/]*$;/evenement/0402-librairie-jaubert-riez-04-jean-darot;1;301
^/archives/1420-[^/]*$;/evenement/0302-librairie-caracteres-libres-aups-83-jean-darot;1;301
^/archives/1435-[^/]*$;/evenement/0102-cauneille-40-passiflore;1;301
^/archives/1329-[^/]*$;/evenement/3101-mediatheque-d-aire-sur-l-adour-40-jean-tucoo-chala;1;301
^/archives/1419-[^/]*$;/evenement/3101-librairie-le-bleuet-banon-04-jean-darot;1;301
^/archives/1434-[^/]*$;/evenement/3001-la-colline-aux-livres-bergerac-24-marc-large;1;301
^/archives/1430-[^/]*$;/evenement/2301-bibliotheque-dax-40-jean-darot;1;301
^/archives/1433-[^/]*$;/evenement/2301-salle-f-bedos-caissargues-30-christophe-chay;1;301
^/archives/1436-[^/]*$;/evenement/2301-salon-de-the-tea-apo-dax-40-jean-darot;1;301
^/archives/1437-[^/]*$;/evenement/2201-librairie-danser-sous-la-plume-pau-64-jean-darot;1;301
^/archives/1432-[^/]*$;/evenement/1701-salle-des-associations-solferino-40-marc-large;1;301
^/archives/1431-[^/]*$;/evenement/2212-cultura-begles-33-jean-michel-cormary-et-jean-michel-lafon;1;301
^/archives/1427-[^/]*$;/evenement/20-2112-marche-de-noel-tartas-40-passiflore;1;301
^/archives/1417-[^/]*$;/evenement/1812-bar-le-gambetta-aire-sur-l-adour-40-francis-poustis-et-michel-agruna;1;301
^/archives/1426-[^/]*$;/evenement/1712-cultura-begles-33-jean-michel-cormary-et-jean-michel-lafon;1;301
^/archives/1390-[^/]*$;/evenement/1412-librairie-calligram-81-jean-michel-cormary;1;301
^/archives/1428-[^/]*$;/evenement/13-1412-marche-de-noel-leon-40-passiflore;1;301
^/archives/1375-[^/]*$;/evenement/1312-espace-culturel-leclerc-de-castres-81-jean-michel-cormary;1;301
^/archives/1406-[^/]*$;/evenement/1012-grand-maul-mediatheque-louise-michel-saint-paul-les-dax-40-jean-michel-lafon;1;301
^/archives/1429-[^/]*$;/evenement/0912-dax-40-marc-large-chez-passiflore;1;301
^/archives/1370-[^/]*$;/evenement/0712-saint-michel-escalus-40-passiflore;1;301
^/archives/1397-[^/]*$;/evenement/0712-espace-culturel-eleclerc-saint-medard-en-jalles-33-jean-michel-cormary-et-jean-michel-lafon;1;301
^/archives/1407-[^/]*$;/evenement/0612-grand-maul-mediatheque-louise-michel-saint-paul-les-dax-40-serge-collinet;1;301
^/archives/1425-[^/]*$;/evenement/0612-espace-culturel-eleclerc-grand-moun-mont-de-marsan-40-jean-michel-cormary-et-jean-michel-lafon;1;301
^/archives/1416-[^/]*$;/evenement/0312-librairie-les-400-coups-bordeaux-33-marc-large;1;301
^/archives/1418-[^/]*$;/evenement/29-et-3011-salon-du-livre-gerzat-63-tang-loaec;1;301
^/archives/1424-[^/]*$;/evenement/28293011-salon-du-livre-de-pau-64-passiflore-avec-marc-large;1;301
^/archives/1404-[^/]*$;/evenement/2911-espace-culturel-eleclerc-perigueux-24-jean-michel-cormary-et-jean-michel-lafon;1;301
^/archives/1423-[^/]*$;/evenement/2411-la-tumade-mont-de-marsan-40-passiflore-avec-francis-poustis-et-michel-agruna;1;301
^/archives/1391-[^/]*$;/evenement/22-2311-nimes-30-christophe-chay;1;301
^/archives/1327-[^/]*$;/evenement/2211-saugnac-et-muret-40-jean-tucoo-chala;1;301
^/archives/1389-[^/]*$;/evenement/2211-cultura-d-agen-47-jean-michel-cormary-et-jean-michel-lafon;1;301
^/archives/1381-[^/]*$;/evenement/2111-ludo-mediatheque-bruges-pres-bordeaux-chantal-detcherry;1;301
^/archives/1371-[^/]*$;/evenement/1911-mediatheque-de-magescq-40-marc-large;1;301
^/archives/1379-[^/]*$;/evenement/1611-festival-nos-landes-a-moustey-40-passiflore-avec-jean-michel-cormary-et-gilles-kerlorc-h;1;301
^/archives/1408-[^/]*$;/evenement/15-1611-festival-du-livre-salle-palas-2-oloron-sainte-marie-64-passiflore-et-ses-auteurs;1;301
^/archives/1374-[^/]*$;/evenement/1511-fnac-de-biganos-33-jean-michel-cormary-et-jean-michel-lafon;1;301
^/archives/1396-[^/]*$;/evenement/1511-librairie-la-reverie-aire-sur-l-adour-40-david-dupouy;1;301
^/archives/1393-[^/]*$;/evenement/1411-bibliotheque-saint-cyprien-sur-dourdou-12-jean-darot;1;301
^/archives/1410-[^/]*$;/evenement/0911-salon-du-livre-hostens-33-passiflore-avec-jean-michel-cormary-et-patrick-azzurra;1;301
^/archives/1412-[^/]*$;/evenement/0911-salon-du-livre-bougue-40-passiflore-avec-marc-large-et-francis-poustis;1;301
^/archives/1392-[^/]*$;/evenement/0811-librairie-la-mine-a-feuilles-decazeville-12-jean-darot;1;301
^/archives/1398-[^/]*$;/evenement/0811-espace-culturel-eleclerc-langon-33-jean-michel-cormary-et-jean-michel-lafon;1;301
^/archives/1400-[^/]*$;/evenement/0711-0911-foire-du-livre-de-brive-19-chantal-detcherry;1;301
^/archives/1383-[^/]*$;/evenement/0711-librairie-la-peche-a-la-ligne-cagnes-sur-mer-06-tang-loaec;1;301
^/archives/1414-[^/]*$;/evenement/0711-bibliotheque-de-tilh-40-marc-large;1;301
^/archives/1382-[^/]*$;/evenement/0611-librairie-la-procure-nice-06-tang-loaec;1;301
^/archives/1411-[^/]*$;/evenement/0611-mairie-laurede-40-francis-poustis-et-michel-agruna;1;301
^/archives/1373-[^/]*$;/evenement/2610-mediatheque-de-saint-perdon-40-passiflore-avec-patrick-fort-gilles-kerlorc-h-et-frederic-sudupe;1;301
^/archives/1413-[^/]*$;/evenement/25-2610-foire-aux-livres-de-belfort-90-tang-loaec;1;301
^/archives/1363-[^/]*$;/evenement/2510-espace-culturel-eleclerc-grand-moun-saint-pierre-du-mont-40-david-dupouy;1;301
^/archives/1394-[^/]*$;/evenement/2510-mairie-de-luxey-40-jean-tucoo-chala;1;301
^/archives/1403-[^/]*$;/evenement/2510-librairie-le-temps-de-vivre-aixe-sur-vienne-87-jean-darot;1;301
^/archives/1402-[^/]*$;/evenement/2410-librairie-le-temps-de-vivre-aixe-sur-vienne-87-lecture-de-l-homme-semence-en-presence-de-jean-darot;1;301
^/archives/1401-[^/]*$;/evenement/1810-le-pave-dans-la-marge-merignac-33-patrick-azzurra;1;301
^/archives/1409-[^/]*$;/evenement/1810-salle-de-la-huchette-leon-40-camelidees-de-latlantique;1;301
^/archives/1388-[^/]*$;/evenement/1210-gamarde-les-bains-40-michel-agruna-et-francis-poustis;1;301
^/archives/1339-[^/]*$;/evenement/11-1210-geaune-40-passiflore-et-ses-auteurs;1;301
^/archives/1340-[^/]*$;/evenement/1110-orthez-64-passiflore-et-ses-auteurs;1;301
^/archives/1372-[^/]*$;/evenement/1110-limoges-87-jean-darot-et-tang-loaec;1;301
^/archives/1387-[^/]*$;/evenement/0510-championnat-de-france-des-ecarteurs-et-sauteurs-a-mont-de-marsan-40-passiflore;1;301
^/archives/1380-[^/]*$;/evenement/04-0510-naturellement-nous-gamarde-les-bains-40-chantal-detcherry;1;301
^/archives/1399-[^/]*$;/evenement/0410-mairie-de-chezelles-37-alice-minier;1;301
^/archives/1378-[^/]*$;/evenement/2709-salon-autour-du-livre-vic-en-bigorre-65-david-dupouy;1;301
^/archives/1395-[^/]*$;/evenement/2709-librairie-solidaire-chartronsbacalan-33-jean-michel-cormary-et-jean-michel-lafon;1;301
^/archives/1303-[^/]*$;/evenement/2109-mediatheque-de-magescq-40-jean-tucoo-chala-marc-large-et-gilles-kerlorc-h;1;301
^/archives/1376-[^/]*$;/evenement/2009-begles-33-passiflore-jean-michel-cormary-et-jean-michel-lafon;1;301
^/archives/1386-[^/]*$;/evenement/1409-salon-du-livre-de-cambo-les-bains-64-passiflore;1;301
^/archives/1355-[^/]*$;/evenement/0609-festival-itinerant-aena-maison-des-ecritures-la-rochelle-17-alice-minier;1;301
^/archives/1366-[^/]*$;/evenement/0609-espace-culturel-leclerc-coutras-33-patrick-azzurra;1;301
^/archives/1353-[^/]*$;/evenement/3108-la-foret-des-livres-chez-gonzague-saint-bris-chanceaux-pres-loches-37-alice-minier;1;301
^/archives/1377-[^/]*$;/evenement/3008-librairie-campus-dax-40-david-dupouy;1;301
^/archives/1358-[^/]*$;/evenement/2408-salon-du-livre-leon-40-passiflore;1;301
^/archives/1365-[^/]*$;/evenement/2408-tv5-monde-tang-loaec;1;301
^/archives/1368-[^/]*$;/evenement/1408-arenes-de-dax-40-passiflore;1;301
^/archives/1346-[^/]*$;/evenement/1308-librairie-la-boite-a-livres-marche-de-maubuisson-33-patrick-azzurra;1;301
^/archives/1367-[^/]*$;/evenement/08-et-0908-centre-ville-dax-40-passiflore;1;301
^/archives/1359-[^/]*$;/evenement/0608-librairie-tschann-paris-75-tang-loaec;1;301
^/archives/1345-[^/]*$;/evenement/2907-librairie-de-corinne-soulac-sur-mer-33-patrick-azzurra;1;301
^/archives/1343-[^/]*$;/evenement/18-2007-autour-du-livre-accous-64-passiflore;1;301
^/archives/1344-[^/]*$;/evenement/1907-autour-du-livre-accous-64-patrick-fort;1;301
^/archives/1362-[^/]*$;/evenement/18-et-1907-centre-ville-dax-40-passiflore;1;301
^/archives/1360-[^/]*$;/evenement/1707-gallician-camargue-gardoise-30-christophe-chay;1;301
^/archives/1347-[^/]*$;/evenement/1407-corne-d-or-nogaro-32-david-dupouy;1;301
^/archives/1357-[^/]*$;/evenement/1007-rencontre-en-ligne-un-endroit-ou-aller-alice-minier;1;301
^/archives/1354-[^/]*$;/evenement/0907-librairie-campus-dax-40-jean-michel-cormary;1;301
^/archives/1349-[^/]*$;/evenement/0807-lac-de-leon-40-alice-minier;1;301
^/archives/1351-[^/]*$;/evenement/0707-lac-de-christus-40-alice-minier;1;301
^/archives/1352-[^/]*$;/evenement/0707-arenes-d-eauze-32-david-dupouy;1;301
^/archives/1348-[^/]*$;/evenement/0607-journee-du-livre-lasseube-64-patrick-fort;1;301
^/archives/1338-[^/]*$;/evenement/0507-librairie-livre-et-vous-16-jean-darot;1;301
^/archives/1324-[^/]*$;/evenement/0407-hossegor-40-jean-tucoo-chala;1;301
^/archives/1325-[^/]*$;/evenement/04-0607-hossegor-40-passiflore-et-ses-auteurs;1;301
^/archives/1336-[^/]*$;/evenement/2806-tabac-des-tilleuls-grenade-sur-l-adour-40-david-dupouy;1;301
^/archives/1337-[^/]*$;/evenement/2706-eleclerc-soustons-40-jean-tucoo-chala;1;301
^/archives/1334-[^/]*$;/evenement/2506-librairie-encre-blanche-pessac-33-chantal-detcherry;1;301
^/archives/1335-[^/]*$;/evenement/2506-espace-culturel-eleclerc-grand-mail-saint-paul-les-dax-40-david-dupouy;1;301
^/archives/1341-[^/]*$;/evenement/21-2206-montmorillon-86-alice-minier;1;301
^/archives/1295-[^/]*$;/evenement/2106-librairie-la-reverie-aire-sur-l-adour-40-chantal-detcherry;1;301
^/archives/1306-[^/]*$;/evenement/1406-espace-culturel-e-leclerc-sainte-eulalie-33-jm-cormary-et-lafon;1;301
^/archives/1332-[^/]*$;/evenement/1406-arenes-de-mont-de-marsan-40-passiflore-et-david-dupouy;1;301
^/archives/1333-[^/]*$;/evenement/1106-librairie-les-mots-du-zebre-33-sophie-chaussade;1;301
^/archives/1315-[^/]*$;/evenement/0706-librairie-teissier-nimes-30-blaise-volkaert-christophe-chay-et-jacques-durand-en-presence-de-marco-perez;1;301
^/archives/1331-[^/]*$;/evenement/0706-belus-40-passiflore-patrick-fort-et-marc-large;1;301
^/archives/1319-[^/]*$;/evenement/0506-consulat-d-allemagne-bordeaux-33-jean-tucoo-chala-corine-defrance-et-ulrich-pfeil;1;301
^/archives/1310-[^/]*$;/evenement/0406-librairie-la-lanterne-morcenx-la-nouvelle-40-jean-tucoo-chala;1;301
^/archives/1328-[^/]*$;/evenement/0406-librairie-ex-libris-33-sophie-chaussade;1;301
^/archives/1323-[^/]*$;/evenement/0106-maison-de-la-station-saint-julien-en-born-40-pascale-dewambrechies;1;301
^/archives/1322-[^/]*$;/evenement/3105-maison-de-la-station-saint-julien-en-born-40-sophie-chaussade;1;301
^/archives/1304-[^/]*$;/evenement/2405-librairie-lacoste-mont-de-marsan-40-jean-tucoo-chala;1;301
^/archives/1314-[^/]*$;/evenement/2405-l-oncle-tome-soulac-33-chantal-detcherry;1;301
^/archives/1318-[^/]*$;/evenement/2405-mediatheque-de-castets-40-passiflore;1;301
^/archives/1273-[^/]*$;/evenement/2005-salle-felix-arnaudin-saint-paul-les-dax-40-frederic-sudupe;1;301
^/archives/1302-[^/]*$;/evenement/1705-mediatheque-de-morcenx-40-jean-tucoo-chala;1;301
^/archives/1309-[^/]*$;/evenement/1705-carte-blanche-a-la-librairie-campus-dax-40-passiflore;1;301
^/archives/1312-[^/]*$;/evenement/1705-salle-des-fetes-de-castets-40-jean-tucoo-chala-marc-large-et-gilles-kerlorc-h;1;301
^/archives/1330-[^/]*$;/evenement/1705-arenes-de-dax-40-passiflore;1;301
^/archives/1313-[^/]*$;/evenement/15-1705-tang-loaec-aux-rencontres-litteraires-de-nogaro;1;301
^/archives/1316-[^/]*$;/evenement/1005-librairie-alinea-bayonne-64-patrick-fort;1;301
^/archives/1317-[^/]*$;/evenement/1005-librairie-alinea-bayonne-64-jean-michel-cormary;1;301
^/archives/1311-[^/]*$;/evenement/0205-mezos-40-jean-tucoo-chala-au-clos-saint-joseph;1;301
^/archives/1281-[^/]*$;/evenement/2604-cultura-begles-33-patrick-azzurra;1;301
^/archives/1308-[^/]*$;/evenement/2504-salle-des-fetes-de-saint-michel-escalus-40-jean-tucoo-chala;1;301
^/archives/1290-[^/]*$;/evenement/2304-auditorium-du-pavillon-de-l-ecomusee-sabres-40-jean-tucoo-chala;1;301
^/archives/1298-[^/]*$;/evenement/1604-maison-des-associations-labouheyre-40-jean-tucoo-chala-corine-defrance-et-ulrich-pfeil;1;301
^/archives/1307-[^/]*$;/evenement/11-12-1304-festival-du-livre-de-paris-75-passiflore-antony-soron-tang-loaec-alice-minier;1;301
^/archives/1296-[^/]*$;/evenement/0904-locaux-de-passiflore-dax-40-chantal-detcherry;1;301
^/archives/1280-[^/]*$;/evenement/0504-auchan-meriadeck-bordeaux-33-patrick-azzurra;1;301
^/archives/1301-[^/]*$;/evenement/0504-vivre-livre-figeac-jean-darot-et-passiflore;1;301
^/archives/1300-[^/]*$;/evenement/0404-salle-des-fetes-de-beliet-belin-beliet-33-jean-tucoo-chala;1;301
^/archives/1297-[^/]*$;/evenement/04-0604-escales-du-livre-bordeaux-33-editions-passiflore;1;301
^/archives/1305-[^/]*$;/evenement/04-0504-escales-du-livre-bordeaux-33-chantal-detcherry;1;301
^/archives/1294-[^/]*$;/evenement/2903-librairie-cafe-restaurant-le-bateau-livre-penestin-56-jean-darot-et-blandine-clemot;1;301
^/archives/1293-[^/]*$;/evenement/2603-librairie-a-la-ligne-lorient-56-jean-darot;1;301
^/archives/1292-[^/]*$;/evenement/2503-librairie-le-marque-page-quintin-22-jean-darot;1;301
^/archives/1299-[^/]*$;/evenement/2203-l-emoi-des-mots-labatut-40-marc-large;1;301
^/archives/1288-[^/]*$;/evenement/2203-foyer-municipal-de-roquefort-40-jean-tucoo-chala;1;301
^/archives/1285-[^/]*$;/evenement/2103-librairie-des-halles-niort-79-jean-darot;1;301
^/archives/1291-[^/]*$;/evenement/2003-gite-hameau-de-montifaud-genouille-17-agnes-brion;1;301
^/archives/1279-[^/]*$;/evenement/1503-fnac-biganos-33-patrick-azzurra;1;301
^/archives/1287-[^/]*$;/evenement/1503-mairie-de-pissos-40-jean-tucoo-chala-et-benedicte-fenie;1;301
^/archives/1289-[^/]*$;/evenement/1303-galerie-de-l-atrium-dax-40-jean-tucoo-chala;1;301
^/archives/1286-[^/]*$;/evenement/0803-mediatheque-de-commensacq-40-gilles-kerlorc-h-et-marc-large;1;301
^/archives/1278-[^/]*$;/evenement/0103-cultura-merignac-33-patrick-azzurra;1;301
^/archives/1282-[^/]*$;/evenement/1502-espace-culturel-du-grand-mail-saint-paul-les-dax-40-patrick-fort;1;301
^/archives/1254-[^/]*$;/evenement/1102-salle-felix-arnaudin-saint-paul-les-dax-40-frederic-sudupe;1;301
^/archives/1277-[^/]*$;/evenement/0802-salon-du-livre-de-l-entre-deux-mers-creon-33-patrick-azzurra;1;301
^/archives/1275-[^/]*$;/evenement/0202-des-livres-et-nous-cauneilles-40-passiflore;1;301
^/archives/1276-[^/]*$;/evenement/2801-salle-felix-arnaudin-saint-paul-les-dax-40-iyad-kallas;1;301
^/archives/1270-[^/]*$;/evenement/2401-2601-festival-de-la-biographie-nimes-30-blaise-volckaert-christophe-chay-jacques-durand;1;301
^/archives/1271-[^/]*$;/evenement/2401-nuits-de-la-lecture-mont-de-marsan-40-patrice-larrosa-loic-lapoudge-et-fabrice-lafourcade;1;301
^/archives/1274-[^/]*$;/evenement/1801-librairie-la-mousson-saint-girons-09-jean-darot;1;301
^/archives/1258-[^/]*$;/evenement/2712-fnac-biganos-33-jean-michel-lafon-et-jean-michel-cormary;1;301
^/archives/1268-[^/]*$;/evenement/2212-fnac-dax-40-david-dupouy-et-nicolas-vergonzeanne;1;301
^/archives/1265-[^/]*$;/evenement/2112-librairie-campus-dax-40-marc-large-et-gilles-kerlorc-h;1;301
^/archives/1269-[^/]*$;/evenement/2112-espace-culturel-eleclerc-orthez-64-marc-large;1;301
^/archives/1257-[^/]*$;/evenement/1412-marche-de-noel-saint-michel-escalus-40-passiflore;1;301
^/archives/1264-[^/]*$;/evenement/1412-librairie-campus-dax-40-david-dupouy;1;301
^/archives/1267-[^/]*$;/evenement/1412-fnac-dax-40-patrick-fort;1;301
^/archives/1272-[^/]*$;/evenement/1412-librairie-aux-feuilles-volantes-dax-40-marc-large;1;301
^/archives/1251-[^/]*$;/evenement/0712-halle-couverte-du-marche-saint-paul-les-dax-40-estelle-arvert-et-marc-large;1;301
^/archives/1253-[^/]*$;/evenement/0712-espace-culturel-eleclerc-lourdes-64-patrick-fort;1;301
^/archives/1266-[^/]*$;/evenement/0712-fnac-dax-40-nicolas-vergonzeanne;1;301
^/archives/1263-[^/]*$;/evenement/0612-marche-de-noel-de-domitys-dax-40-passiflore;1;301
^/archives/1261-[^/]*$;/evenement/3011-les-idees-menent-le-monde-pau-64-chantal-detcherry;1;301
^/archives/1250-[^/]*$;/evenement/2911-0112-les-idees-menent-le-monde-pau-64-chantal-detcherry-marc-large-et-gilles-kerlorc-h;1;301
^/archives/1256-[^/]*$;/evenement/2311-cauderan-bordeaux-33-sophie-chaussade;1;301
^/archives/1259-[^/]*$;/evenement/2311-espace-pablo-romero-nimes-30-christophe-chay;1;301
^/archives/1260-[^/]*$;/evenement/2011-souvenirs-fm-886-passiflore-marc-large-et-gilles-kerlorc-h;1;301
^/archives/1262-[^/]*$;/evenement/2011-decazeville-et-valady-12-jean-darot-et-blandine-clemot;1;301
^/archives/1255-[^/]*$;/evenement/1611-librairie-l-ex-libris-bordeaux-33-sophie-chaussade;1;301
^/archives/1248-[^/]*$;/evenement/0811-1011-foire-du-livre-de-brive-19-jean-darot;1;301
^/archives/1247-[^/]*$;/evenement/0611-librairie-nouveau-chapitre-saint-medard-en-jalles-33-sophie-chaussade-en-dedicace;1;301
^/archives/1252-[^/]*$;/evenement/0211-librairie-la-louve-saint-sever-40-gilles-kerlorc-h-et-marc-large-en-dedicace;1;301
^/archives/1232-[^/]*$;/evenement/3010-espace-culturel-du-grand-mail-saint-paul-les-dax-40-marc-large-en-dedicace;1;301
^/archives/1242-[^/]*$;/evenement/2710-salon-du-livre-de-bougue-40-passiflore-avec-marc-large-et-david-dupouy;1;301
^/archives/1249-[^/]*$;/evenement/1910-fnac-de-libourne-33-patrick-azzurra;1;301
^/archives/1243-[^/]*$;/evenement/12-1310-journees-du-livre-d-orthez-64-rencontre-avec-marc-large-et-gilles-kerloch;1;301
^/archives/1245-[^/]*$;/evenement/12-1310-salon-du-livre-de-geaune-40-chantal-detcherry;1;301
^/archives/1240-[^/]*$;/evenement/1210-atelier-de-dessin-et-de-graphisme-le-bouscat-33-sophie-chaussade;1;301
^/archives/1226-[^/]*$;/evenement/0610-salon-du-livre-de-saint-estephe-33-mathilde-de-telossie-et-patrick-azzurra-en-dedicace;1;301
^/archives/1246-[^/]*$;/evenement/05-0610-salon-de-saint-just-le-martel-87-jean-michel-lafon;1;301
^/archives/1237-[^/]*$;/evenement/0310-colloque-international-edition-et-transferts-culturels-asie-orientale-europe-paris-75-tang-loaec;1;301
^/archives/1211-[^/]*$;/evenement/2809-festival-du-livre-d-aire-sur-l-adour-marc-large-en-dedicace;1;301
^/archives/1236-[^/]*$;/evenement/2809-librairie-nouveau-chapitre-saint-medard-en-jalles-33-patrick-azzurra-en-dedicace;1;301
^/archives/1244-[^/]*$;/evenement/27-2809-pal-arbre-a-mont-de-marsan-40-gilles-kerloc-h;1;301
^/archives/1235-[^/]*$;/evenement/2609-mediatheque-de-tarnos-40-frederic-sudupe-et-patrick-fort;1;301
^/archives/1224-[^/]*$;/evenement/2109-orist-40-jean-michel-lafon-en-dedicace;1;301
^/archives/1238-[^/]*$;/evenement/2109-salon-au-tour-du-livre-vic-en-bigorre-65-patrick-fort-et-frederic-sudupe;1;301
^/archives/1227-[^/]*$;/evenement/1809-mediatheque-de-castets-40-estelle-arvert-en-dedicace;1;301
^/archives/1239-[^/]*$;/evenement/1509-championnat-des-jeunes-ecarteurs-et-sauteurs-gamarde-40-livres-course-landaise;1;301
^/archives/1234-[^/]*$;/evenement/1409-nimes-30-dedicace-de-las-cinco-menos-cinco;1;301
^/archives/1222-[^/]*$;/evenement/13-14-1509-salon-du-livre-de-martel-46-jean-darot;1;301
^/archives/1231-[^/]*$;/evenement/jean-darot-sera-a-la-librairie-chemins-d-encre-a-conques-le-6-septembre-a-18h;1;301
^/archives/1233-[^/]*$;/evenement/las-cinco-menos-cinco-a-arles-du-5-au-8-septembre-2024;1;301
^/archives/1228-[^/]*$;/evenement/les-editions-passiflore-seront-au-salon-du-livre-de-leon-40-le-dimanche-25-aout;1;301
^/archives/1230-[^/]*$;/evenement/passiflore-et-ses-livres-sur-la-course-landaise-a-vieux-boucau-le-20-aout-2024;1;301
^/archives/1210-[^/]*$;/evenement/dedicace-de-sophie-chaussade-et-estelle-arvert-a-la-librairie-le-vent-delire-40-le-19-aout;1;301
^/archives/1221-[^/]*$;/evenement/les-editions-passiflore-a-la-braderie-des-ferias-de-dax-les-9-et-10-aout;1;301
^/archives/1229-[^/]*$;/evenement/david-dupouy-sera-en-dedicace-a-l-espace-culturel-de-saint-paul-les-dax-40-mercredi-14-aout;1;301
^/archives/1225-[^/]*$;/evenement/dedicace-de-patrick-azzurra-a-la-librairie-de-corinne-33-le-6-aout-de-10h-a-18h;1;301
^/archives/1223-[^/]*$;/evenement/marc-large-en-dedicace-a-la-librairie-campus-40-le-samedi-3-aout-de-10h-a-13h;1;301
^/archives/1203-[^/]*$;/evenement/rencontrededicace-avec-l-illustratrice-sophie-chaussade-a-la-librairie-au-camion-40-le-2-aout;1;301
^/archives/1219-[^/]*$;/evenement/rencontre-avec-mathilde-de-telossie-a-l-hotel-de-la-fregate-au-cap-ferret-le-1er-aout;1;301
^/archives/1147-[^/]*$;/evenement/bertrand-lucq-sera-au-salon-du-livre-de-l-estuaire-de-mortagne-sur-gironde-dimanche-28-juillet;1;301
^/archives/1192-[^/]*$;/evenement/passiflore-au-salon-du-livre-de-seix-09-le-dimanche-21-juillet;1;301
^/archives/1202-[^/]*$;/evenement/rencontre-avec-patrick-fort-a-la-librairie-au-camion-a-contis-le-dimanche-28-juillet;1;301
^/archives/1216-[^/]*$;/evenement/david-dupouy-en-dedicace-a-la-librairie-lacoste-a-mont-de-marsan-le-samedi-20-juillet;1;301
^/archives/1220-[^/]*$;/evenement/dino-le-chameau-ecolo-au-marche-de-saint-michel-escalus-le-17-juillet;1;301
^/archives/1206-[^/]*$;/evenement/patrick-azzurra-sera-en-dedicace-a-la-maison-de-la-presse-du-cap-ferret-le-mardi-16-juillet;1;301
^/archives/1187-[^/]*$;/evenement/bertrand-lucq-invite-par-le-festival-international-du-journalisme-a-couthures-s-garonne-le-14-juillet;1;301
^/archives/1218-[^/]*$;/evenement/emission-tambour-battant-sur-demain-tv-avec-tang-loaec-vendredi-12-juillet;1;301
^/archives/1205-[^/]*$;/evenement/patrick-azzurra-sera-en-dedicace-a-la-librairie-luluberlue-33-le-mardi-9-juillet;1;301
^/archives/1217-[^/]*$;/evenement/les-editions-passiflore-et-leurs-auteurs-au-salon-du-livre-d-hossegor-les-5-6-et-7-juillet;1;301
^/archives/1214-[^/]*$;/evenement/rencontre-avec-l-equipe-de-dino-le-chameau-ecolo-le-mercredi-3-juillet-a-toulouzette-40;1;301
^/archives/1215-[^/]*$;/evenement/dedicace-de-jean-darot-a-la-librairie-caracteres-libres-83-le-mercredi-3-juillet-de-10h-a-13h;1;301
^/archives/1186-[^/]*$;/evenement/mathilde-de-telossie-sera-a-la-librairie-de-corinne-a-soulac-le-mardi-2-juillet-de-10h30-a-13h30;1;301
^/archives/1199-[^/]*$;/evenement/jean-darot-sera-en-dedicace-a-la-librairie-jaubert-04-le-samedi-29-juin;1;301
^/archives/1207-[^/]*$;/evenement/rencontre-avec-jean-darot-a-la-librairie-papiers-colles-83-le-vendredi-28-juin-a-19h;1;301
^/archives/1184-[^/]*$;/evenement/rencontre-avec-jean-darot-a-la-librairie-mille-paresses-le-pradet-jeudi-27-juin;1;301
^/archives/1213-[^/]*$;/evenement/sophie-chaussade-en-dedicace-a-la-librairie-l-ex-libris-33-mercredi-26-juin;1;301
^/archives/1208-[^/]*$;/evenement/frederic-sudupe-sera-a-pontenx-les-forges-40-sur-le-stand-de-la-libr-eyre-lundi-24-juin;1;301
^/archives/1190-[^/]*$;/evenement/dino-le-chameau-ecolo-au-cap-de-l-homy-40-le-dimanche-23-juin-2024;1;301
^/archives/1201-[^/]*$;/evenement/rencontre-avec-jean-darot-a-la-librairie-tartinerie-a-sarrant-32-le-dimanche-16-juin;1;301
^/archives/1183-[^/]*$;/evenement/passiflotre-et-tang-loaec-au-festival-litteraire-embarcaderes-les-15-16-juin-a-la-rochelle;1;301
^/archives/1209-[^/]*$;/evenement/jean-darot-sera-en-dedicace-a-la-librairie-chat-pitre-32-a-condom-le-samedi-15-juin;1;301
^/archives/1212-[^/]*$;/evenement/david-dupouy-et-les-editions-passiflore-a-la-course-des-pitchouns-samedi-15-juin;1;301
^/archives/1200-[^/]*$;/evenement/rencontre-avec-jean-darot-a-la-librairie-caminando-32-le-vendredi-14-juin;1;301
^/archives/1197-[^/]*$;/evenement/rencontre-avec-jean-darot-a-la-librairie-les-400-coups-33-le-jeudi-13-juin;1;301
^/archives/1198-[^/]*$;/evenement/jean-darot-sera-en-dedicace-a-la-librairie-la-mine-a-feuilles-12-le-mercredi-12-juin;1;301
^/archives/1164-[^/]*$;/evenement/tang-loaec-invite-du-salon-du-livre-de-ceyrat-63-samedi-1er-et-dimanche-2-juin;1;301
^/archives/1189-[^/]*$;/evenement/leon-dino-le-chameau-ecolo-et-vacances-a-la-ganaderia-avec-les-auteurs-le-1er-juin;1;301
^/archives/1196-[^/]*$;/evenement/rencontre-avec-patrick-azzurra-chez-passiflore-le-jeudi-30-mai;1;301
^/archives/1185-[^/]*$;/evenement/mathilde-de-telossie-sera-a-la-petit-machine-a-bordeaux-le-dimanche-26-mai;1;301
^/archives/1175-[^/]*$;/evenement/rencontre-avec-jean-darot-a-la-librairie-l-esprit-vif-38-le-samedi-25-mai;1;301
^/archives/1191-[^/]*$;/evenement/rugby-a-saint-paul-les-dax-lac-de-christus-du-24-au-26-mai-le-grand-maul;1;301
^/archives/1176-[^/]*$;/evenement/rencontre-avec-jean-darot-a-la-librairie-le-baz-art-des-mots-26-le-vendredi-24-mai;1;301
^/archives/1194-[^/]*$;/evenement/lecture-de-l-homme-semence-a-magescq-le-24-mai-a-19h;1;301
^/archives/1177-[^/]*$;/evenement/rencontre-avec-jean-darot-a-la-librairie-l-etincelle-26-le-jeudi-23-mai-a-18h30;1;301
^/archives/1167-[^/]*$;/evenement/les-editions-passiflore-et-leurs-auteurs-au-salon-du-livre-d-oloron-le-18-et-19-mai-2024;1;301
^/archives/1195-[^/]*$;/evenement/patrick-azzurra-a-latresne-33-a-la-librairie-lisons-sous-la-pluie-le-18-mai;1;301
^/archives/1166-[^/]*$;/evenement/serge-collinet-jm-lafon-et-jm-cormary-en-dedicace-a-la-griffe-noire-94-le-samedi-4-mai;1;301
^/archives/1169-[^/]*$;/evenement/patrick-azzurra-en-dedicace-a-l-espace-culturel-de-coutras-33-samedi-20-avril;1;301
^/archives/1193-[^/]*$;/evenement/patrick-fort-et-passiflore-a-pissos-le-samedi-11-mai-de-10h-a-18h;1;301
^/archives/1181-[^/]*$;/evenement/rencontre-avec-marc-large-a-la-librairie-caracteres-40-vendredi-19-avril-a-19h;1;301
^/archives/1180-[^/]*$;/evenement/rencontre-avec-patrick-fort-a-la-mairie-de-saint-lary-soulan-65-jeudi-18-avril;1;301
^/archives/1179-[^/]*$;/evenement/les-editions-passiflore-et-leurs-auteurs-seront-a-la-fete-du-livre-de-soulac-les-13-et-14-avril;1;301
^/archives/1163-[^/]*$;/evenement/les-auteurs-de-passiflore-seront-en-dedicace-au-salon-du-livre-de-paris-les-12-13-et-14-avril;1;301
^/archives/1173-[^/]*$;/evenement/rencontre-avec-tang-loaec-chez-passiflore-a-dax-mardi-9-avril-a-18h30;1;301
^/archives/1178-[^/]*$;/evenement/rencontre-avec-chantal-detcherry-au-cafe-litteraire-talencais-le-mardi-9-avril-a-19h00;1;301
^/archives/1155-[^/]*$;/evenement/mathilde-de-telossie-en-dedicace-au-cultura-de-begles-le-samedi-6-avril-2024;1;301
^/archives/1174-[^/]*$;/evenement/les-editions-passiflore-et-leurs-auteurs-seront-aux-escales-du-livre-a-bordeaux-du-5-au-7-avril;1;301
^/archives/1162-[^/]*$;/evenement/conference-de-frederic-sudupe-sur-bernard-manciet-dimanche-31-mars-a-villeneuve-sur-lot;1;301
^/archives/1158-[^/]*$;/evenement/patrick-fort-sera-en-dedicace-a-la-librairie-aupres-de-pyrene-a-bagneres-65-samedi-30-mars;1;301
^/archives/1161-[^/]*$;/evenement/rencontre-avec-jean-darot-a-la-mediatheque-de-saignon-84-le-vendredi-29-mars-a-18h;1;301
^/archives/1171-[^/]*$;/evenement/rencontre-avec-patrick-fort-a-la-librairie-la-litote-65-le-vendredi-29-mars-a-18h30;1;301
^/archives/1172-[^/]*$;/evenement/rencontre-avec-tang-loaec-a-la-librairie-tschann-a-paris-le-jeudi-28-mars-a-19h30;1;301
^/archives/1154-[^/]*$;/evenement/patrick-azzurra-en-dedicace-au-cultura-de-begles-le-samedi-23-mars-de-10h-a-18h;1;301
^/archives/1170-[^/]*$;/evenement/rencontre-avec-richard-escot-a-la-librairie-les-volcans-clermont-ferrand-mardi-19-mars-a-19h;1;301
^/archives/1153-[^/]*$;/evenement/patrick-azzurra-en-dedicace-a-la-fnac-de-libourne-le-samedi-16-mars-de-10h-a-18h;1;301
^/archives/1151-[^/]*$;/evenement/rencontre-croisee-entre-pascale-dewambrechies-et-gilles-vincent-le-14-mars-a-18h-a-la-librairie-le-vagabond-immobile-65;1;301
^/archives/1168-[^/]*$;/evenement/rencontre-avec-marc-large-chez-passiflore-a-dax-le-jeudi-14-mars;1;301
^/archives/1165-[^/]*$;/evenement/mathilde-de-telossie-sera-au-salon-du-livre-de-naves-19-le-dimanche-10-mars;1;301
^/archives/1150-[^/]*$;/evenement/rencontre-avec-mathilde-de-telossie-a-la-librairie-la-petite-mezzanine-33-le-9-mars-a-19h;1;301
^/archives/1159-[^/]*$;/evenement/jean-darot-sera-en-dedicace-a-la-librairie-la-mine-a-feuilles-12-la-matinee-du-vendredi-8-mars;1;301
^/archives/1160-[^/]*$;/evenement/rencontre-avec-jean-darot-a-l-epicerie-du-trou-a-bozouls-12-vendredi-8-mars-a-19h;1;301
^/archives/1149-[^/]*$;/evenement/rencontre-avec-marc-large-a-la-convention-tattoo-de-mont-de-marsan-le-samedi-2-mars;1;301
^/archives/1156-[^/]*$;/evenement/marc-large-et-les-editions-passiflore-invites-du-1213h-sur-souvenirs-fm-jeudi-29-fevrier;1;301
^/archives/1157-[^/]*$;/evenement/rencontre-avec-antony-soron-le-jeudi-22-fevrier-aux-editions-passiflore-a-dax;1;301
^/archives/1148-[^/]*$;/evenement/rencontre-avec-mathilde-de-telossie-a-la-librairie-tandem-mauleon-vendredi-16-fevrier;1;301
^/archives/1144-[^/]*$;/evenement/les-editions-passiflore-seront-presentes-a-la-journee-du-livre-a-cauneille-le-dimanche-4-fevrier-2024;1;301
^/archives/1118-[^/]*$;/evenement/jean-michel-lafon-et-jean-michel-cormary-seront-a-la-librairie-martin-delbert-a-agen-le-samedi-3-fevrier;1;301
^/archives/1141-[^/]*$;/evenement/rencontre-avec-jean-darot-a-la-librairie-le-bleuet-04-le-samedi-27-janvier;1;301
^/archives/1146-[^/]*$;/evenement/gilles-vincent-sera-au-salon-du-livre-d-hiver-a-montgiscard-dimanche-21-janvier;1;301
^/archives/1145-[^/]*$;/evenement/rencontre-avec-mathilde-de-telossie-a-l-atelier-de-creation-steiner-33-jeudi-18-janvier;1;301
^/archives/1126-[^/]*$;/evenement/mathilde-de-telossie-dedicacera-evanouie-le-dimanche-14-janvier-2024-a-la-petite-machine-a-bordeaux;1;301
^/archives/1143-[^/]*$;/evenement/pascale-dewambrechies-sera-au-cafe-de-l-horloge-a-talence-le-mardi-9-janvier-a-partir-de-19h;1;301
^/archives/1104-[^/]*$;/evenement/jean-michel-lafon-et-jean-michel-cormary-seront-au-cultura-bordeaux-lac-33-samedi-23-decembre;1;301
^/archives/1139-[^/]*$;/evenement/dedicace-de-jean-michel-cormary-au-club-de-rugby-de-st-medard-en-jalles-le-20-decembre;1;301
^/archives/1140-[^/]*$;/evenement/dedicace-de-nicolas-vergonzeanne-a-l-espace-culturel-leclerc-du-grand-mail-le-20-decembre;1;301
^/archives/1133-[^/]*$;/evenement/les-editions-passiflore-seront-au-marche-de-noel-de-st-michel-escalus-samedi-16-decembre;1;301
^/archives/1142-[^/]*$;/evenement/les-editions-passiflore-seront-au-centre-ville-de-dax-du-vendredi-15-au-dimanche-17-decembre;1;301
^/archives/1023-[^/]*$;/evenement/patrick-azzurra-en-dedicace-a-l-espace-culturel-leclerc-sainte-eulalie-le-samedi-9-decembre-de-10h-a-18h;1;301
^/archives/1113-[^/]*$;/evenement/rencontre-avec-patrick-fort-a-la-librairie-campus-a-dax-le-samedi-9-decembre-de-10h-a-13h;1;301
^/archives/1122-[^/]*$;/evenement/rencontre-avec-richard-escot-le-samedi-9-decembre-a-la-librairie-les-extraits-a-rueil-92;1;301
^/archives/1123-[^/]*$;/evenement/richard-escot-sera-a-la-librairie-la-fontaine-aux-livres-91-le-vendredi-8-decembre-a-17h;1;301
^/archives/1129-[^/]*$;/evenement/rencontre-avec-patrick-fort-au-cafe-central-de-mugron-le-vendredi-8-decembre-a-18h30;1;301
^/archives/1130-[^/]*$;/evenement/rencontre-avec-patrick-fort-a-la-librairie-l-escapade-a-oloron-le-jeudi-7-decembre-2023;1;301
^/archives/1093-[^/]*$;/evenement/mathilde-de-telossie-sera-a-l-espace-culturel-de-st-medard-en-jalles-le-dimanche-3-decembre;1;301
^/archives/1022-[^/]*$;/evenement/patrick-azzurra-en-dedicace-a-auchan-bouliac-le-samedi-2-decembre-de-10h-a-18h;1;301
^/archives/1112-[^/]*$;/evenement/mathilde-de-telossie-sera-a-la-librairie-le-pave-dans-la-marge-le-samedi-2-decembre-a-merignac;1;301
^/archives/1115-[^/]*$;/evenement/les-editions-passiflore-seront-au-salon-du-livre-de-pau-du-vendredi-1er-decembre-au-dimanche-3-decembre-2023;1;301
^/archives/1117-[^/]*$;/evenement/rencontre-avec-jean-darot-a-la-librairie-le-baz-art-des-mots-26-vendredi-1er-decembre;1;301
^/archives/1105-[^/]*$;/evenement/rencontre-avec-mathilde-de-telossie-a-la-librairie-aux-feuilles-volantes-le-jeudi-30-novembre-a-18h00;1;301
^/archives/1135-[^/]*$;/evenement/richard-escot-sera-sur-le-plateau-de-france-info-television-le-jeudi-30-novembre;1;301
^/archives/1138-[^/]*$;/evenement/pascale-dewambrechies-et-gilles-vincent-invites-au-salon-du-livre-d-avignonet-31-le-dimanche-26-novembre;1;301
^/archives/1085-[^/]*$;/evenement/patrick-azzurra-sera-en-dedicace-a-espace-culturel-leclerc-de-pineuilh-le-samedi-25-novembre;1;301
^/archives/1092-[^/]*$;/evenement/rencontre-avec-mathilde-de-telossie-a-la-librairie-la-petite-fourmi-rouge-castelnau-de-medoc-le-samedi-25-novembre;1;301
^/archives/1119-[^/]*$;/evenement/jean-darot-invite-de-l-association-lectures-plurielles-et-de-la-librairie-le-bois-d-amarante-a-chambery-le-vendredi-24-novembre;1;301
^/archives/1084-[^/]*$;/evenement/patrick-azzurra-sera-en-dedicace-a-la-librairie-le-pave-dans-la-marge-a-merignac-le-samedi-18-novembre;1;301
^/archives/1131-[^/]*$;/evenement/rencontre-avec-richard-escot-a-la-librairie-pedone-75-samedi-18-novembre-de-14h-a-17h;1;301
^/archives/1137-[^/]*$;/evenement/mathilde-de-telossie-sera-a-la-maison-de-la-presse-de-bruges-33-le-samedi-18-novembre;1;301
^/archives/1132-[^/]*$;/evenement/rencontre-avec-richard-escot-aux-vieux-crampons-17-le-jeudi-16-novembre-de-15h-a-18h;1;301
^/archives/1083-[^/]*$;/evenement/patrick-azzurra-dedicacera-ses-ouvrages-a-la-fnac-de-biganos-le-samedi-11-novembre-de-10h-a-18h;1;301
^/archives/1073-[^/]*$;/evenement/pascale-dewambrechies-et-gilles-vincent-invites-par-le-moment-librairie-a-salies-de-bearn-le-vendredi-10-novembre;1;301
^/archives/1082-[^/]*$;/evenement/patrick-azzurra-en-dedicace-a-l-espace-culturel-leclerc-de-st-medard-en-jalles-le-vendredi-10-novembre;1;301
^/archives/1101-[^/]*$;/evenement/jean-darot-sera-a-la-foire-du-livre-de-brive-du-vendredi-10-au-dimanche-12-novembre;1;301
^/archives/1098-[^/]*$;/evenement/presentation-du-premier-roman-de-mathilde-de-telossie-le-jeudi-9-novembre-a-partir-de-18h30;1;301
^/archives/1125-[^/]*$;/evenement/pascale-dewambrechies-et-gilles-vincent-seront-a-la-librairie-la-chouette-qui-lit-32-le-jeudi-9-novembre;1;301
^/archives/1124-[^/]*$;/evenement/pascale-dewambrechies-et-gilles-vincent-seront-a-la-librairie-la-litote-65-le-mercredi-8-novembre;1;301
^/archives/1134-[^/]*$;/evenement/remise-des-prix-du-concours-de-nouvelles-2023-le-mercredi-8-novembre-a-la-mairie-de-dax;1;301
^/archives/1127-[^/]*$;/evenement/rencontre-avec-mathilde-de-telossie-a-la-librairie-alice-cap-ferret-33-le-samedi-4-novembre-a-17h;1;301
^/archives/1128-[^/]*$;/evenement/patrick-azzurra-en-dedicace-a-la-fnac-de-bordeaux-lac-samedi-4-novembre-2023-de-10h-a-18h;1;301
^/archives/1120-[^/]*$;/evenement/patrick-azzurra-en-dedicace-au-cultura-merignac-vendredi-3-novembre-2023-de-10h-a-18h;1;301
^/archives/1081-[^/]*$;/evenement/patrick-azzurra-sera-au-cultura-de-begles-le-mercredi-1er-novembre-de-10h-a-18h;1;301
^/archives/1111-[^/]*$;/evenement/frederic-sudupe-participera-aux-commemorations-autour-de-mgr-jean-cassaigne-le-28-octobre-a-17h;1;301
^/archives/1090-[^/]*$;/evenement/rencontre-avec-pascale-dewambrechies-a-la-galerie-maubec-a-la-rochelle-le-mercredi-25-octobre-a-14h;1;301
^/archives/1099-[^/]*$;/evenement/rencontre-avec-patrick-fort-a-la-mairie-de-saint-pe-de-bigorre-65-le-21-octobre-a-partir-de-14h;1;301
^/archives/1114-[^/]*$;/evenement/frederic-sudupe-et-les-editions-passiflore-seront-au-salon-biban-bazar-a-pontonx-samedi-21-octobre;1;301
^/archives/1110-[^/]*$;/evenement/les-editions-passiflore-seront-au-salon-du-livre-d-orthez-le-samedi-14-et-le-dimanche-15-octobre-2023;1;301
^/archives/1076-[^/]*$;/evenement/rencontre-avec-jean-darot-et-gilles-vincent-a-la-librairie-lacoste-a-mont-de-marsan-le-jeudi-12-octobre-a-18h;1;301
^/archives/1080-[^/]*$;/evenement/rencontre-avec-patrick-azzurra-a-la-mediatheque-francois-mitterrand-d-ambes-le-jeudi-12-octobre-a-18h30;1;301
^/archives/1077-[^/]*$;/evenement/rencontre-avec-jean-darot-a-la-librairie-danser-sous-la-plume-a-pau-64-le-mercredi-11-octobre;1;301
^/archives/1109-[^/]*$;/evenement/rencontre-avec-jean-darot-chez-passiflore-a-dax-le-mardi-10-octobre-a-19h;1;301
^/archives/1106-[^/]*$;/evenement/les-editions-passiflore-seront-au-salon-du-livre-de-geaune-les-7-et-8-octobre-2023;1;301
^/archives/1107-[^/]*$;/evenement/les-editions-passiflore-seront-au-salon-du-livre-pyreneen-a-bagneres-de-bigorre-les-7-et-8-octobre-2023;1;301
^/archives/1079-[^/]*$;/evenement/patrick-azzurra-sera-a-la-librairie-les-mots-du-zebre-a-eysines-le-samedi-7-octobre-de-10h-a-18h;1;301
^/archives/1108-[^/]*$;/evenement/les-editions-passiflore-seront-a-la-braderie-de-dax-le-vendredi-6-et-le-samedi-7-octobre-2023;1;301
^/archives/1102-[^/]*$;/evenement/rencontre-avec-jean-darot-a-la-librairie-les-400-coups-a-bordeaux-le-lundi-2-octobre-a-18h30;1;301
^/archives/995-[^/]*$;/evenement/patrick-azzurra-sera-present-au-salon-du-livre-de-saint-estephe-lire-dans-le-vignoble-le-dimanche-1er-octobre-2023;1;301
^/archives/1032-[^/]*$;/evenement/exposition-des-photographies-de-l-ouvrage-plumes-a-la-mediatheque-de-mont-de-marsan-du-26-septembre-au-14-octobre-2023;1;301
^/archives/1075-[^/]*$;/evenement/rencontre-avec-serge-collinet-aux-rencontres-du-livre-de-noisy-le-roi-78-le-dimanche-1er-octobre;1;301
^/archives/1091-[^/]*$;/evenement/rencontre-avec-jean-darot-a-coeur-de-bastide-a-sainte-foy-la-grande-samedi-30-septembre-a-10h30;1;301
^/archives/1057-[^/]*$;/evenement/les-editions-passiflore-seront-a-la-foire-d-ousse-suzan-le-vendredi-29-septembre;1;301
^/archives/1095-[^/]*$;/evenement/jean-darot-sera-en-dedicace-a-la-librairie-marbot-a-perigueux-le-vendredi-29-septembre-de-15h-a-18h;1;301
^/archives/1056-[^/]*$;/evenement/rencontre-avec-frederic-sudupe-a-la-bibliotheque-de-quintaou-anglet-le-samedi-23-septembre;1;301
^/archives/1074-[^/]*$;/evenement/patrick-fort-sera-en-dedicace-a-la-librairie-lacoste-a-mont-de-marsan-le-samedi-23-septembre;1;301
^/archives/1097-[^/]*$;/evenement/les-editions-passiflore-seront-au-salon-du-livre-de-vic-en-bigorre-65-le-samedi-23-septembre;1;301
^/archives/1054-[^/]*$;/evenement/rencontre-avec-jean-darot-et-gilles-vincent-a-la-librairie-de-fil-en-page-04-le-jeudi-21-septembre;1;301
^/archives/1078-[^/]*$;/evenement/rencontre-avec-patrick-fort-chez-passiflore-a-dax-le-mercredi-20-septembre-a-19h;1;301
^/archives/1053-[^/]*$;/evenement/rencontre-avec-jean-darot-et-gilles-vincent-a-la-librairie-l-astucieuse-renarde-84-le-mardi-19-septembre;1;301
^/archives/1096-[^/]*$;/evenement/les-editions-passiflore-seront-au-salon-du-livre-de-cambo-les-bains-64-le-dimanche-17-septembre;1;301
^/archives/1087-[^/]*$;/evenement/patrick-fort-a-la-librairie-la-reverie-a-aire-sur-l-adour-le-samedi-16-septembre;1;301
^/archives/1088-[^/]*$;/evenement/rencontre-avec-jean-michel-lafon-et-jean-michel-cormary-a-izon-33-le-samedi-16-septembre;1;301
^/archives/1094-[^/]*$;/evenement/jean-michel-lafon-et-jean-michel-cormary-seront-au-cultura-de-merignac-le-samedi-16-septembre-apres-midi;1;301
^/archives/1055-[^/]*$;/evenement/rencontre-avec-frederic-sudupe-a-la-mediatheque-du-pays-morcenais-le-vendredi-15-septembre;1;301
^/archives/1072-[^/]*$;/evenement/bertrand-lucq-sera-en-dedicace-a-la-librairie-la-reverie-a-aire-sur-adour-40-le-vendredi-25-aout-a-17h;1;301
^/archives/1069-[^/]*$;/evenement/chantal-detcherry-marc-large-et-bertrand-lucq-seront-au-salon-du-livre-de-leon-40-le-dimanche-20-aout;1;301
^/archives/1011-[^/]*$;/evenement/patrick-azzurra-sera-en-dedicace-au-marche-de-maubuisson-le-mercredi-16-aout;1;301
^/archives/1006-[^/]*$;/evenement/patrick-azzurra-sera-a-la-librairie-de-corinne-a-soulac-le-mardi-15-aout-de-10h-a-19h;1;301
^/archives/994-[^/]*$;/evenement/patrick-azzurra-sera-en-dedicace-a-la-maison-de-la-presse-de-lacanau-le-mardi-08-aout-2023-de-10h-a-18h;1;301
^/archives/1014-[^/]*$;/evenement/les-editions-passiflore-au-salon-la-ruche-des-mots-a-riez-04-le-dimanche-6-aout;1;301
^/archives/1071-[^/]*$;/evenement/les-editions-passiflore-seront-a-la-braderie-estivale-de-dax-le-vendredi-4-et-le-samedi-5-aout-2023;1;301
^/archives/1062-[^/]*$;/evenement/les-editions-passiflore-seront-aux-berges-ephemeres-le-jeudi-27-juillet-de-16h-a-18h;1;301
^/archives/1005-[^/]*$;/evenement/patrick-azzurra-sera-a-la-librairie-luluberlue-a-hourtin-le-mardi-25-juillet-de-9h-a-13h;1;301
^/archives/1066-[^/]*$;/evenement/les-editions-passiflore-seront-aux-berges-ephemeres-le-vendredi-21-juillet-de-18h-a-20h;1;301
^/archives/1070-[^/]*$;/evenement/les-editions-passiflore-seront-a-la-braderie-estivale-de-dax-le-vendredi-21-et-le-samedi-22-juillet-2023;1;301
^/archives/1044-[^/]*$;/evenement/rencontre-avec-marc-large-a-la-mediatheque-de-saint-jean-de-luz-64-le-jeudi-20-juillet-a-15h;1;301
^/archives/1003-[^/]*$;/evenement/patrick-azzurra-en-dedicace-a-l-espace-culturel-leclerc-d-ares-le-mardi-18-juillet-de-10h-a-18h;1;301
^/archives/1059-[^/]*$;/evenement/bertrand-lucq-et-les-editions-passiflore-seront-au-salon-du-livre-d-accous-le-wek-end-du-15-et-16-juillet;1;301
^/archives/1061-[^/]*$;/evenement/les-editions-passiflore-seront-aux-berges-ephemeres-le-jeudi-13-juillet-de-16h-a-18h;1;301
^/archives/993-[^/]*$;/evenement/patrick-azzurra-sera-en-dedicace-a-la-maison-de-la-presse-de-lacanau-le-mardi-11-juillet-2023-de-10h-a-18h;1;301
^/archives/1049-[^/]*$;/evenement/les-editions-passiflore-seront-au-salon-du-livre-de-la-bastide-clairence-64-les-8-et-9-juillet-2023;1;301
^/archives/1048-[^/]*$;/evenement/les-editions-passiflore-et-leurs-auteurs-seront-au-salon-du-livre-d-hossegor-les-7-8-et-9-juillet;1;301
^/archives/1065-[^/]*$;/evenement/les-editions-passiflore-seront-aux-berges-ephemeres-le-vendredi-7-juillet-de-18h-a-20h;1;301
^/archives/1046-[^/]*$;/evenement/rencontre-avec-patrick-azzurra-a-la-librairie-les-feuilles-volantes-a-saint-paul-les-dax-le-6-juillet;1;301
^/archives/1068-[^/]*$;/evenement/rencontre-avec-jean-darot-a-la-librairie-les-sandales-d-empedocle-a-besancon-25-le-6-juillet-de-15h-a-18h;1;301
^/archives/1051-[^/]*$;/evenement/rencontre-avec-frederic-sudupe-dans-les-locaux-des-editions-passiflore-le-5-juillet-a-19h;1;301
^/archives/1031-[^/]*$;/evenement/hommage-a-luis-ocana-a-caupenne-d-armagnac-32-le-dimanche-2-juillet-en-presence-de-bertrand-lucq;1;301
^/archives/999-[^/]*$;/evenement/patrick-azzurra-sera-a-la-librairie-au-chemin-des-livres-a-auvillar-le-samedi-1er-juillet;1;301
^/archives/1034-[^/]*$;/evenement/bertrand-lucq-au-troquet-de-la-pistoche-a-luz-saint-sauveur-65-en-partenariat-avec-la-librairie-plume-samedi-1er-juillet;1;301
^/archives/1058-[^/]*$;/evenement/rencontre-avec-frederic-sudupe-au-tabac-presse-le-monge-le-samedi-1er-juillet-de-9h-a-12h;1;301
^/archives/1063-[^/]*$;/evenement/antony-soron-sera-au-festival-du-livre-de-poissy-78-avec-la-librairie-du-pincerais-le-samedi-1er-juillet;1;301
^/archives/1025-[^/]*$;/evenement/jean-darot-et-gilles-vincent-seront-a-la-librairie-le-temps-de-lire-82-le-vendredi-30-juin;1;301
^/archives/1038-[^/]*$;/evenement/bertrand-lucq-en-dedicace-au-bar-le-central-a-mugron-40-avec-la-librairie-le-plumier-d-eugenie-le-30-juin;1;301
^/archives/1026-[^/]*$;/evenement/rencontre-avec-jean-darot-a-la-librairie-montaigne-a-bergerac-24-le-jeudi-29-juin;1;301
^/archives/1060-[^/]*$;/evenement/les-editions-passiflore-seront-aux-berges-ephemeres-le-jeudi-29-juin-de-16h-a-18h;1;301
^/archives/1033-[^/]*$;/evenement/rencontre-avec-chantal-detcherry-a-la-librairie-la-petite-fourmi-rouge-le-samedi-24-juin-a-partir-de-16h;1;301
^/archives/1043-[^/]*$;/evenement/rencontre-avec-patrice-larrosa-et-david-dupouy-a-la-mediatheque-de-bougue-40-le-vendredi-23-juin-a-18h;1;301
^/archives/1045-[^/]*$;/evenement/rencontre-avec-jean-darot-a-la-librairie-la-mine-a-feuilles-a-decazeville-12-le-vendredi-23-juin;1;301
^/archives/1050-[^/]*$;/evenement/rencontre-avec-frederic-sudupe-a-la-librairie-caracteres-a-mont-de-marsan-le-vendredi-23-juin-a-19h;1;301
^/archives/1041-[^/]*$;/evenement/rencontre-avec-bertrand-lucq-autour-des-cyclistes-landais-a-la-mairie-de-dax-le-jeudi-22-juin-a-partir-de-19h00;1;301
^/archives/1042-[^/]*$;/evenement/bertrand-lucq-et-les-editions-passiflore-sont-les-invites-du-12h13h-sur-souvenirs-fm-le-jeudi-22-juin;1;301
^/archives/982-[^/]*$;/evenement/le-salon-du-livre-du-grand-perigueux-accueillera-patrick-azzurra-le-samedi-17-et-le-dimanche-18-juin;1;301
^/archives/1030-[^/]*$;/evenement/bertrand-lucq-en-dedicace-a-la-librairie-lacoste-mont-de-marsan-le-samedi-17-juin-de-10h-a-13h;1;301
^/archives/1040-[^/]*$;/evenement/les-editions-passiflore-seront-presentes-au-salon-du-livre-de-parentis-en-born-40-samedi-17-juin;1;301
^/archives/992-[^/]*$;/evenement/patrick-azzurra-sera-en-dedicace-a-l-espace-culturel-leclerc-de-bergerac-le-vendredi-16-juin-de-10h-a-18h;1;301
^/archives/1024-[^/]*$;/evenement/les-editions-passiflore-seront-a-la-course-des-pitchouns-a-mont-de-marsan-le-vendredi-16-juin-a-partir-de-17h;1;301
^/archives/1029-[^/]*$;/evenement/soiree-de-presentation-de-l-ouvrage-luis-ocana-le-tour-du-grand-pardon-jeudi-15-juin-a-mont-de-marsan;1;301
^/archives/1019-[^/]*$;/evenement/jean-darot-invite-de-la-librairie-chemins-d-encre-a-conques-12-le-jeudi-8-juin;1;301
^/archives/1021-[^/]*$;/evenement/patrick-azzurra-en-dedicace-a-la-librairie-la-petite-fourmi-rouge-le-dimanche-4-juin-de-10h-a-13h;1;301
^/archives/990-[^/]*$;/evenement/patrick-azzurra-sera-en-dedicace-a-bordeaux-auchan-lac-le-samedi-3-juin-de-10h-a-18h;1;301
^/archives/1035-[^/]*$;/evenement/les-editions-passiflore-seront-a-hagetmau-pour-la-course-de-loic-lapoudge-le-samedi-3-juin;1;301
^/archives/1037-[^/]*$;/evenement/les-editions-passiflore-seront-au-grand-maul-a-saint-paul-les-dax-du-vendredi-26-au-dimanche-28-mai;1;301
^/archives/1027-[^/]*$;/evenement/pascale-dewambrechies-et-gilles-vincent-invites-par-la-curieuse-librairie-a-arudy-le-jeudi-25-mai;1;301
^/archives/1028-[^/]*$;/evenement/pascale-dewambrechies-sur-france-culture-mercredi-24-mai-a-12h50;1;301
^/archives/1000-[^/]*$;/evenement/jean-darot-invite-de-la-librairie-le-bleuet-a-banon-04-le-dimanche-21-mai;1;301
^/archives/981-[^/]*$;/evenement/patrick-azzurra-sera-en-dedicace-a-auchan-meriadeck-a-bordeaux-le-samedi-20-mai-de-10h-a-18h;1;301
^/archives/1002-[^/]*$;/evenement/patrick-azzurra-en-dedicace-au-cocci-market-d-arsac-le-samedi-13-mai-de-10h-a-13h;1;301
^/archives/1012-[^/]*$;/evenement/jean-darot-sera-en-dedicace-a-la-librairie-jaubert-a-riez-04-le-samedi-13-mai;1;301
^/archives/1013-[^/]*$;/evenement/fabrice-lafourcade-et-loic-lapoudge-en-dedicace-a-la-librairie-campus-40-le-samedi-13-mai;1;301
^/archives/1004-[^/]*$;/evenement/rencontre-avec-leon-mazzella-salle-de-musique-de-magescq-40-le-vendredi-12-mai-a-19h00;1;301
^/archives/946-[^/]*$;/evenement/passiflore-sera-au-salon-du-livre-de-beaupuy-avec-jean-darot-chantal-detcherry-et-pascale-dewambrechies-les-6-et-7-mai;1;301
^/archives/1017-[^/]*$;/evenement/rencontre-avec-jean-darot-a-la-librairie-la-machine-a-lire-a-bordeaux-le-vendredi-5-mai;1;301
^/archives/980-[^/]*$;/evenement/rencontre-avec-patrick-azzurra-a-la-bibliotheque-de-saint-laurent-medoc-le-29-avril-a-partir-de-14h;1;301
^/archives/1010-[^/]*$;/evenement/pascale-dewambrechies-sera-a-la-bibliotheque-de-la-flotte-le-samedi-29-avril-a-18h;1;301
^/archives/1020-[^/]*$;/evenement/fabrice-lafourcade-et-loic-lapoudge-en-dedicace-a-la-librairie-la-louve-a-st-sever-samedi-29-avril;1;301
^/archives/1008-[^/]*$;/evenement/pascale-dewambrechies-sera-a-la-bibliotheque-d-ars-en-re-le-vendredi-28-avril-a-16h;1;301
^/archives/1009-[^/]*$;/evenement/pascale-dewambrechies-sera-a-la-librairie-grand-largue-le-vendredi-28-avril-a-18h30;1;301
^/archives/1007-[^/]*$;/evenement/pascale-dewambrechies-sera-a-la-librairie-quillet-a-loix-le-jeudi-27-avril-a-partir-de-18h;1;301
^/archives/979-[^/]*$;/evenement/patrick-azzurra-sera-en-dedicace-au-cultura-de-begles-le-samedi-22-avril-de-10h-a-18h;1;301
^/archives/989-[^/]*$;/evenement/patrick-azzurra-en-dedicace-a-la-librairie-lisons-sous-la-pluie-a-latresne-samedi-15-avril-de-10h-a-13h;1;301
^/archives/978-[^/]*$;/evenement/patrick-azzurra-sera-en-dedicace-a-l-espace-culturel-de-saint-medard-en-jalles-le-samedi-1er-avril;1;301
^/archives/964-[^/]*$;/evenement/les-editions-passiflore-seront-presentes-aux-rencontres-a-lire-a-dax-du-31-mars-au-2-avril-2023;1;301
^/archives/965-[^/]*$;/evenement/les-editions-passiflore-seront-presentes-a-l-escale-du-livre-a-bordeaux-du-31-mars-au-2-avril-2023;1;301
^/archives/977-[^/]*$;/evenement/patrick-azzurra-sera-en-dedicace-a-l-espace-culturel-de-langon-le-samedi-18-mars-de-10h-a-18h;1;301
^/archives/976-[^/]*$;/evenement/entretien-avec-patrick-azzurra-au-cafe-litteraire-talencais-33-le-mardi-14-mars-a-partir-de-19h;1;301
^/archives/967-[^/]*$;/evenement/patrick-azzurra-sera-en-dedicace-a-l-espace-culturel-de-saint-magne-de-castillon-le-samedi-11-mars;1;301
^/archives/998-[^/]*$;/evenement/rencontre-avec-frederic-sudupe-pour-l-association-memoire-culture-developpement-le-samedi-11-mars;1;301
^/archives/984-[^/]*$;/evenement/presentation-du-livre-les-jours-de-sable-a-saint-michel-escalus-le-vendredi-10-mars-a-19h;1;301
^/archives/997-[^/]*$;/evenement/fabrice-lafourcade-et-loic-lapoudge-a-garlin-le-vendredi-10-mars-a-partir-de-19h30;1;301
^/archives/983-[^/]*$;/evenement/rencontre-avec-chantal-detcherry-a-la-librairie-georges-a-talence-le-mercredi-8-mars-a-18h;1;301
^/archives/1136-[^/]*$;/evenement/rencontre-avec-richard-escot-a-la-librairie-page-a-page-32-le-mercredi-22-novembre;1;301
^/archives/975-[^/]*$;/evenement/patrick-azzurra-sera-en-dedicace-a-la-fnac-de-bordeaux-lac-le-samedi-4-mars-de-10h-a-18h;1;301
^/archives/991-[^/]*$;/evenement/marie-laure-hubert-nasser-au-festival-regards-de-femmes-le-vendredi-3-mars-a-19h;1;301
^/archives/987-[^/]*$;/evenement/presentation-du-livre-loic-lapoudge-gagner-la-foule-le-samedi-25-fevrier-au-melusin-a-nogaro-de-10h-a-12h30;1;301
^/archives/988-[^/]*$;/evenement/patrick-azzurra-sera-present-au-cultura-de-merignac-le-samedi-25-fevrier-de-10h-a-18h;1;301
^/archives/963-[^/]*$;/evenement/presentation-du-livre-loic-lapoudge-gagner-la-foule-le-vendredi-24-fevrier-2023-a-amou-a-partir-de-19h;1;301
^/archives/973-[^/]*$;/evenement/pascale-dewambrechies-sera-a-la-librairie-le-pave-dans-la-marge-a-merignac-le-vendredi-17-fevrier-a-19h;1;301
^/archives/974-[^/]*$;/evenement/patrick-azzurra-sera-a-la-librairie-les-400-coups-a-bordeaux-le-lundi-13-fevrier-a-partir-de-18h30;1;301
^/archives/969-[^/]*$;/evenement/chantal-detcherry-presentera-son-nouveau-roman-le-9-fevrier-dans-les-locaux-des-editions-passiflore-a-dax;1;301
^/archives/966-[^/]*$;/evenement/les-editions-passiflore-seront-presentes-a-la-journee-du-livre-a-cauneille-le-dimanche-5-fevrier;1;301
^/archives/970-[^/]*$;/evenement/pascale-dewambrechies-et-gilles-vincent-seront-a-la-librairie-danser-sous-la-plume-a-pau-le-3-fevrier-a-partir-de-19h;1;301
^/archives/972-[^/]*$;/evenement/rencontre-avec-chantal-detcherry-a-la-librairie-la-machine-a-lire-bordeaux-le-vendredi-3-fevrier;1;301
^/archives/985-[^/]*$;/evenement/les-editions-passiflore-seront-presentes-a-la-braderie-d-hiver-de-dax-le-vendredi-3-et-le-samedi-4-fevrier;1;301
^/archives/962-[^/]*$;/evenement/exposition-des-photographies-de-l-ouvrage-plumes-a-l-atrium-a-dax-du-10-janvier-au-2-fevrier-2023;1;301
^/archives/958-[^/]*$;/evenement/stephanie-locatelli-sera-a-la-bibliotheque-de-venerand-le-samedi-21-janvier-de-10h-a-13h;1;301
^/archives/971-[^/]*$;/evenement/pascale-dewambrechies-sera-a-la-librairie-la-reverie-a-aire-sur-l-adour-40-le-samedi-21-janvier;1;301
^/archives/961-[^/]*$;/evenement/chantal-detcherry-a-la-mediatheque-du-pays-morcenais-le-vendredi-20-janvier-a-partir-de-18h30;1;301
^/archives/968-[^/]*$;/evenement/marie-laure-hubert-nasser-sera-a-la-librairie-le-plumier-d-eugenie-a-mugron-le-vendredi-20-janvier;1;301
^/archives/959-[^/]*$;/evenement/pascale-dewambrechies-sera-a-la-librairie-georges-a-talence-le-mercredi-18-janvier-a-partir-de-18h;1;301
^/archives/942-[^/]*$;/evenement/marie-laure-hubert-nasser-sera-en-dedicace-a-la-librairie-la-lanterne-a-morcenx-la-nouvelle-le-samedi-17-decembre;1;301
^/archives/949-[^/]*$;/evenement/patrice-larrosa-et-david-dupouy-seront-a-la-librairie-lacoste-a-mont-de-marsan-le-samedi-17-decembre;1;301
^/archives/950-[^/]*$;/evenement/les-editions-passiflore-seront-au-marche-de-noel-de-st-michel-escalus-le-samedi-17-decembre;1;301
^/archives/957-[^/]*$;/evenement/les-editions-passiflore-seront-au-salon-du-livre-d-argeles-gazost-65-le-samedi-10-decembre;1;301
^/archives/960-[^/]*$;/evenement/philippe-salvat-et-william-lucas-en-dedicace-a-l-intermarche-de-saint-paul-les-dax-samedi-10-decembre;1;301
^/archives/913-[^/]*$;/evenement/jean-michel-cormary-jean-michel-lafon-marc-large-et-johanna-turpeau-au-salon-livres-en-citadelle-a-blaye-le-10-et-11-decembre;1;301
^/archives/956-[^/]*$;/evenement/rencontre-avec-frederic-sudupe-autour-de-jean-cassaigne-le-jeudi-8-decembre-a-19h30-a-dax;1;301
^/archives/951-[^/]*$;/evenement/rencontre-avec-pascale-dewambrechies-aux-editions-passiflore-a-dax-le-mercredi-7-decembre;1;301
^/archives/943-[^/]*$;/evenement/chantal-detcherry-et-pascale-dewambrechies-a-histoire-et-patrimoine-tiennent-salon-les-3-et-4-decembre-2022;1;301
^/archives/954-[^/]*$;/evenement/rencontre-avec-serge-collinet-a-la-grange-des-sports-a-leon-le-samedi-3-decembre;1;301
^/archives/953-[^/]*$;/evenement/presentation-du-nouvel-ouvrage-de-serge-collinet-vendredi-2-decembre-a-l-estrabuc-a-dax;1;301
^/archives/803-[^/]*$;/evenement/exposition-de-patrice-mariolan-et-son-livre-plumes-du-5-au-26-novembre-2022-a-la-mediatheque-d-escource;1;301
^/archives/947-[^/]*$;/evenement/rencontre-avec-pascale-dewambrechies-le-samedi-26-novembre-a-partir-de-15h-a-l-autre-librairie-a-angouleme;1;301
^/archives/934-[^/]*$;/evenement/pascale-dewambrechies-sera-a-la-machine-a-lire-a-bordeaux-le-vendredi-25-novembre-a-partir-de-18h30;1;301
^/archives/952-[^/]*$;/evenement/les-editions-passiflore-seront-au-salon-les-idees-menent-le-monde-a-pau-le-vendredi-18-au-dimanche-20-novembre;1;301
^/archives/955-[^/]*$;/evenement/presentation-de-l-ouvrage-daniel-luque-au-dela-des-elements-aux-arenes-de-dax-jeudi-17-novembre;1;301
^/archives/948-[^/]*$;/evenement/marc-large-sera-a-la-foire-du-livre-de-brive-les-4-5-et-6-novembre;1;301
^/archives/945-[^/]*$;/evenement/patrick-azzurra-en-dedicace-a-la-librairie-la-petite-fourmi-rouge-a-castelnau-de-medoc-le-dimanche-30-octobre;1;301
^/archives/936-[^/]*$;/evenement/patrice-larrosa-et-david-dupouy-seront-au-leclerc-le-grand-moun-de-mont-de-marsan-le-samedi-29-octobre-a-partir-de-15h;1;301
^/archives/944-[^/]*$;/evenement/les-editions-passiflore-seront-a-biban-bazar-a-pontonx-avec-david-dupouy-et-patrice-mariolan-le-dimanche-23-octobre;1;301
^/archives/888-[^/]*$;/evenement/marc-large-et-les-editions-passiflore-seront-a-pey-le-vendredi-21-octobre-a-partir-de-18h30;1;301
^/archives/889-[^/]*$;/evenement/jean-michel-cormary-et-jean-michel-lafon-au-festival-de-la-bd-de-bram-les-15-16-octobre;1;301
^/archives/909-[^/]*$;/evenement/les-editions-passiflore-et-leurs-auteurs-au-salon-du-livre-de-geaune-le-week-end-du-08-et-09-octobre-2022;1;301
^/archives/927-[^/]*$;/evenement/patrick-azzurra-en-dedicace-a-la-librairie-le-partage-des-mots-a-villenave-d-ornon-le-samedi-8-octobre;1;301
^/archives/941-[^/]*$;/evenement/presentation-dans-les-landes-de-la-bande-dessinee-ironda-reine-des-arenes-le-jeudi-6-octobre-a-18h-a-mont-de-marsan;1;301
^/archives/938-[^/]*$;/evenement/presentation-de-la-bande-dessinee-ironda-reine-des-arenes-le-dimanche-2-octobre-a-12h-a-nogaro;1;301
^/archives/857-[^/]*$;/evenement/les-editions-passiflore-et-leurs-auteurs-au-salon-du-livre-d-orthez-le-1er-et-2-octobre-2022;1;301
^/archives/939-[^/]*$;/evenement/les-editions-passiflore-seront-a-la-braderie-de-dax-le-vendredi-30-septembre-et-le-samedi-1er-octobre;1;301
^/archives/836-[^/]*$;/evenement/patrick-azzurra-en-dedicace-a-la-librairie-la-reverie-le-jeudi-29-septembre;1;301
^/archives/924-[^/]*$;/evenement/les-editions-passiflore-seront-a-la-foire-de-la-saint-michel-a-ousse-suzan-le-jeudi-29-septembre;1;301
^/archives/874-[^/]*$;/evenement/marc-large-en-dedicace-a-la-librairie-campus-a-dax-le-samedi-24-septembre-de-11h-a-13h;1;301
^/archives/940-[^/]*$;/evenement/patrick-azzurra-dedicacera-son-nouveau-roman-a-la-maison-de-la-presse-du-cap-ferret-samedi-24-septembre-de-10h-a-13h;1;301
^/archives/935-[^/]*$;/evenement/jean-michel-cormary-sera-a-clermont-ferrand-le-mercredi-21-septembre-pour-une-conference-avec-didier-cavarot;1;301
^/archives/908-[^/]*$;/evenement/les-editions-passiflore-seront-au-salon-du-livre-de-cambo-les-bains-le-dimanche-18-septembre-2022;1;301
^/archives/937-[^/]*$;/evenement/les-editions-passiflore-seront-au-salon-du-livre-de-mont-de-marsan-le-samedi-17-et-le-dimanche-18-septembre;1;301
^/archives/856-[^/]*$;/evenement/marc-large-au-salon-du-livre-de-vic-en-bigorre-le-samedi-17-septembre-2022-de-10h-a-18h;1;301
^/archives/930-[^/]*$;/evenement/jean-michel-lafon-en-seance-de-dedicaces-a-cultura-puilboreau-le-samedi-17-septembre-a-partir-de-14h30;1;301
^/archives/920-[^/]*$;/evenement/les-editions-passiflore-et-marie-laure-hubert-nasser-au-salon-international-des-editrices-du-9-au-11-septembre;1;301
^/archives/914-[^/]*$;/evenement/exposition-plumes-par-patrice-mariolan-a-la-maison-de-l-oralite-et-du-patrimoine-a-capbreton-du-9-aout-au-10-septembre-2022;1;301
^/archives/873-[^/]*$;/evenement/jean-marc-benedetti-sera-au-salon-de-port-sainte-foy-le-dimanche-4-septembre;1;301
^/archives/928-[^/]*$;/evenement/jean-michel-cormary-et-jean-michel-lafon-seront-a-la-librairie-alice-cap-ferret-le-samedi-3-septembre;1;301
^/archives/899-[^/]*$;/evenement/patrick-azzurra-en-dedicace-a-la-librairie-darrigade-a-biarritz-le-30-aout-de-10h-a-18h;1;301
^/archives/932-[^/]*$;/evenement/patrice-larrosa-a-la-semaine-de-la-course-landaise-dimanche-21-aout-a-vieux-boucau;1;301
^/archives/931-[^/]*$;/evenement/leon-mazzella-au-kiosque-des-sables-d-or-a-anglet-le-samedi-20-aout;1;301
^/archives/929-[^/]*$;/evenement/marie-laure-hubert-nasser-a-la-librairie-arabesque-a-hossegor-le-14-aout-a-partir-de-10h30;1;301
^/archives/907-[^/]*$;/evenement/les-auteurs-de-passiflore-seront-au-salon-du-livre-de-leon-le-dimanche-07-aout-2022;1;301
^/archives/892-[^/]*$;/evenement/les-editions-passiflore-a-la-braderie-estivale-de-dax-le-5-et-6-aout-2022;1;301
^/archives/925-[^/]*$;/evenement/patrice-larrosa-et-david-dupouy-seront-au-plumier-d-eugenie-a-mugron-le-samedi-6-aout;1;301
^/archives/906-[^/]*$;/evenement/les-editions-passiflore-aux-berges-ephemeres-a-dax-le-mardi-02-aout-de-16h-a-18h;1;301
^/archives/921-[^/]*$;/evenement/marie-laure-hubert-nasser-en-dedicace-a-la-librairie-au-camion-a-contis-le-vendredi-5-aout-a-19h;1;301
^/archives/919-[^/]*$;/evenement/les-editions-passiflore-presentes-sur-le-marche-des-berges-ephemeres-le-vendredi-29-juillet;1;301
^/archives/877-[^/]*$;/evenement/patrick-azzurra-en-dedicace-a-la-librairie-de-corinne-le-jeudi-28-juillet-a-soulac-sur-mer;1;301
^/archives/894-[^/]*$;/evenement/marc-large-sera-a-l-espace-culturel-de-saint-pierre-du-mont-le-samedi-23-juillet;1;301
^/archives/895-[^/]*$;/evenement/les-editions-passiflore-invitees-chez-carrement-curieux-a-dax-le-samedi-23-juillet;1;301
^/archives/915-[^/]*$;/evenement/les-editions-passiflore-a-l-espace-culturel-leclerc-de-saint-pierre-du-mont-le-22-et-23-juillet-2022;1;301
^/archives/893-[^/]*$;/evenement/jean-michel-cormary-sera-a-l-espace-culturel-de-saint-pierre-du-mont-le-vendredi-22-juillet;1;301
^/archives/830-[^/]*$;/evenement/patrick-azzurra-en-dedicace-a-la-librairie-luluberlue-a-hourtin-le-jeudi-21-juillet;1;301
^/archives/900-[^/]*$;/evenement/marie-laure-hubert-nasser-en-dedicace-a-la-maison-de-la-presse-du-cap-ferret-le-mercredi-20-juillet-de-10h-a-13h;1;301
^/archives/922-[^/]*$;/evenement/les-editions-passiflore-seront-au-parc-theodore-denis-de-dax-le-mercredi-20-juillet-pour-le-spectacle-cornes-et-traditions;1;301
^/archives/911-[^/]*$;/evenement/patrick-azzurra-en-dedicace-a-l-espace-culturel-leclerc-a-mimizan-le-16-juillet-de-10h-a-18h;1;301
^/archives/833-[^/]*$;/evenement/rencontre-avec-chantal-detcherry-et-florence-delay-de-l-academie-francaise-le-15-juillet-a-18h30-a-leon;1;301
^/archives/891-[^/]*$;/evenement/les-editions-passiflore-a-la-braderie-estivale-de-dax-le-15-et-16-juillet-2022;1;301
^/archives/918-[^/]*$;/evenement/les-editions-passiflore-presentes-sur-le-marche-des-berges-ephemeres-le-vendredi-15-juillet;1;301
^/archives/912-[^/]*$;/evenement/les-editions-passiflore-a-nogaro-le-jeudi-14-juillet-2022;1;301
^/archives/829-[^/]*$;/evenement/patrick-azzurra-en-dedicace-a-l-espace-culturel-de-ares-le-lundi-11-juillet;1;301
^/archives/917-[^/]*$;/evenement/les-editions-passiflore-presentes-sur-le-marche-des-berges-ephemeres-le-vendredi-8-juillet;1;301
^/archives/916-[^/]*$;/evenement/vernissage-de-l-exposition-plumes-au-parc-du-sarrat-a-dax-jeudi-7-juillet-a-18h;1;301
^/archives/904-[^/]*$;/evenement/les-editions-passiflore-aux-berges-ephemeres-a-dax-le-mardi-05-juillet-2022;1;301
^/archives/879-[^/]*$;/evenement/marc-large-invite-au-salon-du-livre-de-pamiers-les-2-et-3-juillet-2022;1;301
^/archives/903-[^/]*$;/evenement/les-editions-passiflore-et-leurs-auteurs-au-salon-du-livre-d-hossegor-du-1er-au-03-juillet-2022;1;301
^/archives/800-[^/]*$;/evenement/jean-marc-benedetti-recevra-le-prix-ardua-yolande-legrand-a-la-mairie-de-bordeaux-le-vendredi-1er-juillet-a-18h30;1;301
^/archives/897-[^/]*$;/evenement/patrice-mariolan-au-festival-feuilles-a-feuilles-a-mazamet-le-dimanche-26-juin;1;301
^/archives/890-[^/]*$;/evenement/jean-michel-cormary-en-dedicace-a-la-librairie-coulier-de-castres-le-samedi-25-juin-de-11h-a-16h;1;301
^/archives/901-[^/]*$;/evenement/les-editions-passiflore-au-festival-nect-art-de-mots-organise-par-l-estanqu-arts-le-25-juin-2022-a-azur;1;301
^/archives/902-[^/]*$;/evenement/les-editions-passiflore-seront-au-marche-de-createurs-artisans-a-saint-martin-de-seignanx-le-samedi-25-juin;1;301
^/archives/910-[^/]*$;/evenement/stephanie-locatelli-en-dedicace-a-la-librairie-pierre-loti-a-rochefort-le-samedi-25-juin-de-10h-a-13h-et-de-16h-a-18h;1;301
^/archives/834-[^/]*$;/evenement/jean-marc-benedetti-sera-au-salon-du-livre-de-champcevinel-les-25-et-26-juin;1;301
^/archives/870-[^/]*$;/evenement/jean-michel-cormary-et-jean-michel-lafon-en-dedicace-au-cultura-de-begles-le-samedi-18-juin-de-14h30-a-18h;1;301
^/archives/869-[^/]*$;/evenement/jean-michel-cormary-en-dedicace-au-cultura-de-bayonne-le-mercredi-15-juin-de-14h-a-17h;1;301
^/archives/851-[^/]*$;/evenement/jean-michel-cormary-et-jean-michel-lafon-en-dedicace-a-l-espace-culturel-de-saint-medard-le-samedi-11-juin-de-14h30-a-18h;1;301
^/archives/896-[^/]*$;/evenement/marie-laure-hubert-nasser-sera-a-la-mediatheque-municipale-de-la-ville-le-barp-le-vendredi-10-juin;1;301
^/archives/817-[^/]*$;/evenement/patrick-azzurra-sera-en-dedicace-a-la-fnac-de-bergerac-le-4-juin-de-10h-a-18h;1;301
^/archives/835-[^/]*$;/evenement/marc-large-et-johanna-turpeau-seront-en-dedicace-a-la-librairie-lacoste-le-samedi-28-mai;1;301
^/archives/818-[^/]*$;/evenement/patrick-azzurra-sera-au-printemps-du-livre-de-auchan-lac-les-27-et-28-mai;1;301
^/archives/876-[^/]*$;/evenement/jean-michel-cormary-en-dedicace-au-cultura-de-merignac-le-mercredi-25-mai-de-14h-a-17h;1;301
^/archives/850-[^/]*$;/evenement/jean-michel-cormary-et-jean-michel-lafon-en-dedicace-a-la-librairie-campus-de-dax-le-samedi-21-mai-de-10h-a-13h;1;301
^/archives/886-[^/]*$;/evenement/patrick-azzurra-en-dedicace-a-monoprix-grand-parc-le-samedi-21-mai-de-10h-a-18h;1;301
^/archives/887-[^/]*$;/evenement/les-auteurs-rugbyphiles-de-passiflore-au-grand-maul-du-20-au-22-mai-2022-a-saint-paul-les-dax;1;301
^/archives/821-[^/]*$;/evenement/patrick-azzurra-sera-en-dedicace-au-leclerc-de-pineuilh-le-samedi-14-mai;1;301
^/archives/844-[^/]*$;/evenement/rencontre-avec-frederic-sudupe-au-salon-du-livre-de-parentis-en-born-le-samedi-14-mai;1;301
^/archives/849-[^/]*$;/evenement/jean-michel-cormary-en-dedicace-a-la-librairie-calligram-de-mazamet-le-samedi-14-mai-de-11h-a-12h30-et-de-14h-a-16h;1;301
^/archives/867-[^/]*$;/evenement/jean-michel-cormary-en-dedicace-a-l-espace-culturel-du-leclerc-d-albi-le-mercredi-11-mai;1;301
^/archives/884-[^/]*$;/evenement/soiree-renaudienne-pour-la-parution-de-l-ouvrage-le-retour-de-la-suite-le-mercredi-11-mai-au-quartier-libre;1;301
^/archives/824-[^/]*$;/evenement/jean-marc-benedetti-a-beaupuy-se-livre-les-7-8-mai-rencontrededicaces;1;301
^/archives/820-[^/]*$;/evenement/patrick-azzurra-sera-en-dedicace-au-pave-dans-la-marge-a-merignac-le-samedi-7-mai;1;301
^/archives/866-[^/]*$;/evenement/jean-michel-cormary-en-dedicace-a-la-librairie-darrigade-a-biarritz-le-samedi-7-mai-de-11h-a-12h30;1;301
^/archives/883-[^/]*$;/evenement/jean-michel-cormary-en-dedicace-a-saint-vincent-de-tyrosse-le-samedi-7-mai-avec-le-tabac-presse-monge;1;301
^/archives/798-[^/]*$;/evenement/exposition-de-patrice-mariolan-du-23-avril-au-30-mai-2022-a-la-reserve-naturelle-d-arjuzanx-avec-son-livre-plumes;1;301
^/archives/852-[^/]*$;/evenement/patrick-azzurra-sera-en-dedicace-a-la-petite-mezzanine-au-bouscat-le-samedi-30-avril-de-10h-a-18h;1;301
^/archives/863-[^/]*$;/evenement/les-editions-passiflore-invitees-chez-carrement-curieux-le-samedi-30-avril-a-dax;1;301
^/archives/841-[^/]*$;/evenement/frederic-sudupe-invite-des-editions-de-la-crypte-a-hagetmau-le-vendredi-29-avril;1;301
^/archives/843-[^/]*$;/evenement/rencontre-avec-patrick-azzurra-le-29-avril-a-la-bibliotheque-de-saint-laurent-du-medoc;1;301
^/archives/865-[^/]*$;/evenement/jean-michel-cormary-en-dedicace-a-l-espace-culture-de-saint-pierre-du-mont-le-mercredi-27-avril-de-14h-a-17h;1;301
^/archives/828-[^/]*$;/evenement/patrick-azzurra-en-dedicace-au-leclerc-saint-magne-de-castillon-le-samedi-23-avril;1;301
^/archives/862-[^/]*$;/evenement/jean-michel-cormary-en-dedicace-a-la-maison-de-la-presse-d-issoire-le-samedi-23-avril-a-partir-de-11h;1;301
^/archives/923-[^/]*$;/evenement/chantal-detcherry-au-salon-du-livre-de-flourens-le-dimanche-27-novembre;1;301
^/archives/881-[^/]*$;/evenement/frederic-sudupe-sera-a-grenade-sur-l-adour-le-jeudi-21-avril-avec-son-nouveau-roman;1;301
^/archives/933-[^/]*$;/evenement/patrick-azzurra-a-la-librairie-le-pave-dans-la-marge-a-merignac-le-samedi-26-novembre-de-10h-a-18h;1;301
^/archives/816-[^/]*$;/evenement/patrick-azzurra-sera-en-dedicace-au-auchan-de-bouliac-de-10h-a-18h-le-samedi-16-avril;1;301
^/archives/848-[^/]*$;/evenement/jean-michel-cormary-en-dedicace-a-la-librairie-buffet-d-oyonnax-le-samedi-16-avril-de-10h-a-12h-et-de-14h-a-16h;1;301
^/archives/861-[^/]*$;/evenement/jean-michel-lafon-en-dedicace-au-cultura-d-agen-le-samedi-16-avril-de-15h-a-18h;1;301
^/archives/831-[^/]*$;/evenement/rencontre-avec-chantal-detcherry-et-philippe-valliez-a-la-bibliotheque-du-marsan-le-14-avril-de-18h30-a-20h;1;301
^/archives/860-[^/]*$;/evenement/jean-michel-cormary-en-dedicace-a-la-librairie-la-reverie-a-aire-sur-l-adour-le-mercredi-13-avril-de-14h-a-17h;1;301
^/archives/846-[^/]*$;/evenement/exposition-des-aquarelles-d-entre-lande-et-ciel-a-la-bibliotheque-du-marsan-du-5-au-16-avril;1;301
^/archives/809-[^/]*$;/evenement/exposition-des-dessins-de-marc-large-a-la-fabrique-du-citoyen-a-bordeaux-du-29-mars-au-19-avril;1;301
^/archives/859-[^/]*$;/evenement/jean-michel-cormary-et-jean-michel-lafon-en-dedicace-a-l-escale-du-livre-de-bordeaux-le-samedi-9-avril-de-14h-a-17h;1;301
^/archives/819-[^/]*$;/evenement/patrick-azzurra-sera-en-dedicace-de-10h-a-18h-au-leclerc-de-langon-le-samedi-9-avril;1;301
^/archives/853-[^/]*$;/evenement/jean-marc-benedetti-invite-a-l-escale-du-livre-de-bordeaux-le-vendredi-8-avril-a-17h;1;301
^/archives/808-[^/]*$;/evenement/les-editions-passiflore-a-l-escale-du-livre-2022-a-bordeaux-du-vendredi-8-au-dimanche-10-avril;1;301
^/archives/807-[^/]*$;/evenement/les-editions-passiflore-aux-rencontres-a-lire-a-dax-du-1er-au-3-avril-2022;1;301
^/archives/822-[^/]*$;/evenement/patrick-azzurra-sera-en-dedicace-a-auchan-meriadeck-de-10h-a-18h-le-samedi-2-avril;1;301
^/archives/858-[^/]*$;/evenement/jean-michel-cormary-en-dedicace-aux-rencontres-a-lire-de-dax-le-samedi-2-avril-de-15h-a-19h;1;301
^/archives/864-[^/]*$;/evenement/exposition-des-photographies-de-patrice-mariolan-au-salon-des-metiers-d-art-de-leon-du-1er-au-3-avril;1;301
^/archives/838-[^/]*$;/evenement/les-editions-passiflore-et-l-auteur-frederic-sudupe-seront-sur-souvenirs-fm-le-1er-avril;1;301
^/archives/875-[^/]*$;/evenement/jean-tucoo-chala-a-la-mediatheque-de-morcenx-la-nouvelle-samedi-2-avril-2022-a-11h;1;301
^/archives/871-[^/]*$;/evenement/patrick-azzurra-participera-au-cafe-litteraire-a-auchan-lac-le-jeudi-31-mars-de-18h-a-19h;1;301
^/archives/880-[^/]*$;/evenement/frederic-sudupe-presentera-son-nouveau-roman-le-jeudi-31-mars-au-groupe-scolaire-de-jean-cassaigne-a-mont-de-marsan;1;301
^/archives/855-[^/]*$;/evenement/jean-michel-cormary-et-jean-michel-lafon-en-dedicace-a-eauze-le-dimanche-27-mars-a-partir-de-10h30-avec-la-librairie-corbel;1;301
^/archives/854-[^/]*$;/evenement/jean-michel-cormary-et-jean-michel-lafon-en-dedicace-au-restaurant-etche-ona-de-begles-le-samedi-26-mars-a-partir-de-14h30;1;301
^/archives/837-[^/]*$;/evenement/patrick-azzurra-en-dedicace-au-leclerc-de-saint-medard-en-jalles-le-vendredi-25-mars;1;301
^/archives/806-[^/]*$;/evenement/les-editions-passiflore-aux-rencontres-litteraires-de-hendaye-le-dimanche-20-mars;1;301
^/archives/840-[^/]*$;/evenement/patrice-mariolan-a-saint-michel-escalus-le-vendredi-18-mars-avec-plumes;1;301
^/archives/815-[^/]*$;/evenement/patrick-azzurra-sera-en-dedicace-au-cultura-de-begles-le-samedi-12-mars;1;301
^/archives/814-[^/]*$;/evenement/patrick-azzurra-sera-en-dedicace-a-l-espace-culturel-de-sainte-eulalie-le-samedi-5-mars;1;301
^/archives/797-[^/]*$;/evenement/exposition-de-patrice-mariolan-du-2-au-27-fevrier-2022-a-la-reserve-naturelle-du-marais-d-orx-avec-son-livre-plumes;1;301
^/archives/826-[^/]*$;/evenement/rencontre-avec-patrice-mariolan-a-18h-le-mardi-15-fevrier-a-la-reserve-naturelle-du-marais-d-orx;1;301
^/archives/813-[^/]*$;/evenement/patrick-azzurra-sera-en-dedicace-a-l-espace-culturel-de-libourne-le-samedi-12-fevrier;1;301
^/archives/827-[^/]*$;/evenement/nous-participons-a-la-braderie-de-dax-les-vendredi-11-et-samedi-12-fevrier;1;301
^/archives/804-[^/]*$;/evenement/les-editions-passiflore-seront-presentes-a-la-journee-des-livres-a-cauneille-le-6-fevrier;1;301
^/archives/812-[^/]*$;/evenement/patrick-azzurra-sera-en-dedicace-a-la-librairie-la-boite-a-livres-a-lesparre-le-5-fevrier;1;301
^/archives/823-[^/]*$;/evenement/retrouvez-nous-a-la-mediatheque-daire-sur-l-adour-a-partir-de-15h-le-samedi-5-fevrier;1;301
^/archives/790-[^/]*$;/evenement/marc-large-richard-arnaudin-et-jean-tucoo-chala-au-musee-d-aquitaine-le-mardi-18-janvier;1;301
^/archives/810-[^/]*$;/evenement/les-editions-passiflore-seront-sur-souvenirs-fm-le-vendredi-7-janvier;1;301
^/archives/791-[^/]*$;/evenement/les-editions-passiflore-seront-au-petit-marche-artisanal-de-dax-le-512-1212-et-1912;1;301
^/archives/763-[^/]*$;/evenement/marc-large-en-dedicace-a-l-espace-culturel-leclerc-de-st-paul-les-dax-le-18-decembre-de-14h-a-16h;1;301
^/archives/802-[^/]*$;/evenement/les-editions-passiflore-seront-presentes-au-marche-de-noel-de-saint-martin-de-seignanx-le-18-decembre;1;301
^/archives/795-[^/]*$;/evenement/les-editions-passiflore-seront-au-marche-de-noel-de-mees-le-dimanche-12-decembre;1;301
^/archives/796-[^/]*$;/evenement/patrice-mariolan-et-jean-michel-cormary-au-marche-de-noel-de-leon-samedi-11-et-dimanche-12-decembre;1;301
^/archives/743-[^/]*$;/evenement/marie-laure-hubert-nasser-sera-au-cultura-de-begles-le-samedi-11-decembre-apres-midi;1;301
^/archives/750-[^/]*$;/evenement/patrick-azzurra-en-dedicace-au-auchan-de-bordeaux-lac-les-10-et-11-decembre;1;301
^/archives/782-[^/]*$;/evenement/chantal-detcherry-et-philippe-valliez-a-la-librairie-lacoste-a-mont-de-marsan-le-samedi-11-decembre;1;301
^/archives/789-[^/]*$;/evenement/marie-laure-hubert-nasser-sera-a-la-librairie-le-vrai-lieu-a-gradignan-le-samedi-11-decembre;1;301
^/archives/799-[^/]*$;/evenement/patrice-mariolan-participera-au-salon-une-montagne-de-livres-a-st-lary-65-le-5-decembre;1;301
^/archives/788-[^/]*$;/evenement/chantal-detcherry-et-philippe-valliez-a-la-librairie-art-et-livre-le-samedi-4-decembre-de-10h-a-18h;1;301
^/archives/774-[^/]*$;/evenement/patrick-azzurra-sera-en-dedicace-a-l-espace-culturel-leclerc-de-pineuilh-le-samedi-04-decembre-de-10h-a-18h;1;301
^/archives/644-[^/]*$;/evenement/marc-large-richard-arnaudin-et-jean-tucoo-chala-a-luxey-le-samedi-4-decembre-2021-a-partir-de-17h;1;301
^/archives/794-[^/]*$;/evenement/les-editions-passiflore-seront-a-la-remise-du-prix-du-salon-de-geaune-le-samedi-27-novembre;1;301
^/archives/775-[^/]*$;/evenement/patrick-azzurra-en-dedicace-a-la-fnac-de-bordeaux-le-samedi-27-novembre-de-10h-a-18h;1;301
^/archives/744-[^/]*$;/evenement/patrick-azzurra-sera-au-cultura-de-begles-le-26-novembre;1;301
^/archives/779-[^/]*$;/evenement/marc-large-au-festival-de-la-caricature-et-du-dessin-de-presse-de-castelnaudary-du-jeudi-25-au-dimanche-28-novembre;1;301
^/archives/710-[^/]*$;/evenement/marc-large-au-salon-du-livre-de-pamiers-09-les-20-et-21-novembre-2021;1;301
^/archives/727-[^/]*$;/evenement/patrick-azzurra-sera-a-la-maison-de-la-presse-mondesir-de-merignac-le-samedi-20-novembre;1;301
^/archives/749-[^/]*$;/evenement/leon-mazzella-en-conference-a-la-mediatheque-de-biarritz-le-20-novembre;1;301
^/archives/785-[^/]*$;/evenement/les-editions-passiflore-au-salon-du-livre-de-pau-du-19-au-21-novembre;1;301
^/archives/792-[^/]*$;/evenement/patrice-mariolan-sera-au-vent-delire-a-capbreton-le-vendredi-19-novembre-a-partir-de-19h;1;301
^/archives/793-[^/]*$;/evenement/patrick-azzurra-sera-en-dedicace-a-auchan-lac-le-mercredi-17-novembre;1;301
^/archives/585-[^/]*$;/evenement/venez-rencontrer-frederic-sudupe-et-bernard-housseau-au-salon-du-livre-de-flourens-le-14-novembre-2021;1;301
^/archives/784-[^/]*$;/evenement/jean-marc-benedetti-en-dedicace-a-l-espace-culturel-de-pineuilh-le-mercredi-10-novembre;1;301
^/archives/760-[^/]*$;/evenement/jean-marc-benedetti-sera-en-dedicace-a-la-machine-a-lire-le-9-novembre;1;301
^/archives/672-[^/]*$;/evenement/patrick-azzurra-sera-a-la-librairie-nouveau-chapitre-a-st-medard-en-jalles-le-samedi-06-novembre;1;301
^/archives/778-[^/]*$;/evenement/leon-mazzella-a-la-foire-du-livre-de-brive-les-5-6-et-7-novembre;1;301
^/archives/696-[^/]*$;/evenement/patrick-azzurra-en-dedicace-au-leclerc-saint-magne-de-castillon-le-samedi-30-octobre-de-10h-a-18h;1;301
^/archives/776-[^/]*$;/evenement/leon-mazzella-en-conference-a-la-bibliotheque-quintaou-a-anglet-le-samedi-30-octobre-a-11h;1;301
^/archives/771-[^/]*$;/evenement/patrice-mariolan-au-festival-de-menigoute-2021-du-26-octobre-au-1er-novembre;1;301
^/archives/787-[^/]*$;/evenement/patrice-mariolan-a-arjuzanx-le-dimanche-24-octobre-a-15h-pour-la-presentation-de-plumes;1;301
^/archives/739-[^/]*$;/evenement/rencontre-lecture-avec-chantal-detcherry-a-saint-palais-le-23-octobre;1;301
^/archives/773-[^/]*$;/evenement/patrick-azzurra-present-a-la-bibilotheque-pour-tous-de-nansouty-a-bordeaux-le-vendredi-22-octobre-2021-a-18h;1;301
^/archives/693-[^/]*$;/evenement/pascale-dewambrechies-sera-a-la-mediatheque-d-ychoux-le-jeudi-21-octobre-a-18h;1;301
^/archives/786-[^/]*$;/evenement/chantal-detcherry-et-sophie-robin-a-la-mediatheque-du-teich-le-mardi-19-octobre;1;301
^/archives/768-[^/]*$;/evenement/stephanie-locatelli-a-la-mediatheque-de-saint-perdon-le-16-octobre;1;301
^/archives/769-[^/]*$;/evenement/jean-marc-benedetti-en-conference-avec-l-utl-a-dax-le-16-octobre;1;301
^/archives/783-[^/]*$;/evenement/patrick-azzurra-a-l-espace-culturel-de-saint-paul-les-dax-le-samedi-16-octobre;1;301
^/archives/683-[^/]*$;/evenement/itineraires-le-15-octobre-a-bougue-la-parite-vue-par-marie-laure-hubert-nasser;1;301
^/archives/689-[^/]*$;/evenement/chantal-detcherry-invitee-des-rencontres-a-lire-de-dax-le-vendredi-15-octobre;1;301
^/archives/738-[^/]*$;/evenement/les-editions-passiflore-et-leurs-auteurs-seront-aux-rencontres-a-lire-du-15-au-17-octobre;1;301
^/archives/770-[^/]*$;/evenement/marie-laure-hubert-nasser-en-dedicace-a-saint-medard-en-jalles-33-le-9-octobre;1;301
^/archives/675-[^/]*$;/evenement/itineraires-le-8-octobre-a-magescq-la-parite-vue-par-marie-laure-hubert-nasser-a-19h;1;301
^/archives/733-[^/]*$;/evenement/passiflore-et-les-auteurs-de-nos-ouvrages-sur-felix-arnaudin-seront-a-la-bibliotheque-bordeaux-meriadeck-le-5-octobre;1;301
^/archives/772-[^/]*$;/evenement/patrick-azzurra-au-salon-lire-dans-le-vignoble-a-saint-estephe-le-3-octobre-2021;1;301
^/archives/780-[^/]*$;/evenement/stephanie-locatelli-au-salon-du-livre-de-pons-le-dimanche-3-octobre;1;301
^/archives/698-[^/]*$;/evenement/patrick-azzurra-en-dedicace-a-sainte-eulalie-le-2-octobre;1;301
^/archives/777-[^/]*$;/evenement/chantal-detcherry-et-philippe-valliez-a-la-salle-des-fetes-de-saint-michel-d-escalus-le-vendredi-1er-octobre-a-partir-de-18h;1;301
^/archives/761-[^/]*$;/evenement/jean-marc-benedetti-presentera-son-nouveau-livre-le-jeudi-30-septembre-a-partir-de-18h;1;301
^/archives/720-[^/]*$;/evenement/patrick-azzurra-a-saint-medard-en-jalles-33-le-25-septembre-de-10h-a-18h;1;301
^/archives/668-[^/]*$;/evenement/les-editions-passiflore-et-leurs-auteurs-au-salon-du-livre-d-orthez-le-25-et-26-septembre-2021;1;301
^/archives/643-[^/]*$;/evenement/marc-large-sera-present-a-la-mediatheque-d-escource-le-samedi-25-septembre-2021;1;301
^/archives/755-[^/]*$;/evenement/jean-marc-benedetti-sera-en-conference-a-coeur-de-bastide-le-24-septembre-a-18h;1;301
^/archives/764-[^/]*$;/evenement/frederic-sudupe-au-prehistosite-de-brassempouy-le-19-septembre-pour-les-journees-europeennes-du-patrimoine;1;301
^/archives/715-[^/]*$;/evenement/marc-large-richard-arnaudin-et-jean-tucoo-chala-a-labouheyre-pour-les-journees-europeennes-du-patrimoine;1;301
^/archives/737-[^/]*$;/evenement/marc-large-richard-arnaudin-et-jean-tucoo-chala-seront-a-morcenx-le-17-septembre;1;301
^/archives/765-[^/]*$;/evenement/les-editions-passiflore-chantal-detcherry-et-leon-mazzella-au-1er-salon-du-livre-de-lons-le-12-septembre;1;301
^/archives/640-[^/]*$;/evenement/marc-large-richard-arnaudin-et-jean-tucoo-chala-a-sabres-le-samedi-11-septembre-2021;1;301
^/archives/671-[^/]*$;/evenement/rencontre-debat-avec-frederic-sudupe-a-la-librairie-lacoste-le-11-septembre-de-10h-a-17h;1;301
^/archives/697-[^/]*$;/evenement/patrick-azzurra-en-dedicace-a-la-fnac-de-bergerac-le-samedi-11-septembre-de-10h-a-18h;1;301
^/archives/762-[^/]*$;/evenement/leon-mazzella-en-dedicace-a-l-espace-culturel-leclerc-de-st-paul-les-dax-le-11-septembre-de-10h-a-18h;1;301
^/archives/766-[^/]*$;/evenement/marc-large-a-leon-le-8-septembre-pour-l-exposition-de-ses-dessins-de-presse-du-1er-au-9-septembre;1;301
^/archives/747-[^/]*$;/evenement/marc-large-le-3-septembre-a-hagetmau-salle-de-la-rotonde-a-partir-de-17h;1;301
^/archives/735-[^/]*$;/evenement/les-editions-passiflore-aux-marches-de-cocagne-a-dax-le-01-septembre;1;301
^/archives/757-[^/]*$;/evenement/patrice-mariolan-exposera-ses-photos-du-1er-au-29-aout-a-labastide-d-armagnac;1;301
^/archives/767-[^/]*$;/evenement/leon-mazzella-a-l-office-du-tourisme-de-mont-de-marsan-le-29-aout-a-11h;1;301
^/archives/736-[^/]*$;/evenement/les-editions-passiflore-et-leurs-auteurs-au-salon-du-livre-de-mont-de-marsan-les-28-et-29-aout;1;301
^/archives/714-[^/]*$;/evenement/devernissage-de-l-exposition-de-marc-large-a-bergerac-le-28-aout;1;301
^/archives/704-[^/]*$;/evenement/marc-large-a-bergerac-les-20-et-21-aout;1;301
^/archives/756-[^/]*$;/evenement/leon-mazzella-sera-a-la-librairie-l-alinea-a-bayonne-le-vendredi-20-aout-a-partir-de-10h30;1;301
^/archives/732-[^/]*$;/evenement/marc-large-sera-present-a-la-librairie-le-vent-delire-pour-le-marche-nocturne-de-capbreton-le-18-aout;1;301
^/archives/701-[^/]*$;/evenement/patrick-azzurra-sera-a-soulac-sur-mer-le-17-aout;1;301
^/archives/724-[^/]*$;/evenement/les-editions-passiflore-aux-berges-ephemeres-a-dax-le-17-aout;1;301
^/archives/664-[^/]*$;/evenement/rencontre-lecture-avec-sophie-robin-et-chantal-detcherry-a-arjuzanx-le-11-aout;1;301
^/archives/719-[^/]*$;/evenement/patrick-azzurra-a-arcachon-le-9-aout-de-10h-a-18h;1;301
^/archives/759-[^/]*$;/evenement/braderie-a-dax-les-6-et-7-aout;1;301
^/archives/726-[^/]*$;/evenement/passiflore-aux-berges-ephemeres-a-dax-le-3-aout-accompagnee-de-frederic-sudupe;1;301
^/archives/746-[^/]*$;/evenement/patrick-azzurra-a-l-espace-culturel-leclerc-sarlat-le-02-aout-de-10h-a-18h;1;301
^/archives/748-[^/]*$;/evenement/leon-mazzella-en-dedicace-a-la-librairie-darrigade-a-biarritz-le-31-juillet;1;301
^/archives/734-[^/]*$;/evenement/les-auteurs-de-nos-ouvrages-sur-felix-arnaudin-seront-en-conference-a-leon-le-29-juillet;1;301
^/archives/745-[^/]*$;/evenement/patrick-azzurra-sera-au-cultura-de-begles-le-28-juillet-de-10h-a-18h;1;301
^/archives/642-[^/]*$;/evenement/marc-large-richard-arnaudin-et-jean-tucoo-chala-seront-a-vert-le-samedi-24-juillet-a-16h;1;301
^/archives/641-[^/]*$;/evenement/marc-large-sera-present-a-pissos-le-vendredi-23-juillet-2021-a-18h;1;301
^/archives/751-[^/]*$;/evenement/bernard-carrere-au-salon-du-livre-taurin-a-la-villa-mirasol-mont-de-marsan-le-22-juillet;1;301
^/archives/723-[^/]*$;/evenement/les-editions-passiflore-aux-berges-ephemeres-a-dax-le-20-juillet;1;301
^/archives/718-[^/]*$;/evenement/patrick-azzurra-en-dedicace-a-l-espace-culturel-d-ares-le-19-juillet-de-10h-a-18h;1;301
^/archives/754-[^/]*$;/evenement/bernard-carrere-a-la-librairie-le-cheval-dans-l-arbre-pour-le-festival-taurin-de-ceret-le-18-juillet;1;301
^/archives/703-[^/]*$;/evenement/marc-large-a-bergerac-le-17-juillet;1;301
^/archives/742-[^/]*$;/evenement/braderie-a-dax-les-16-et-17-juillet;1;301
^/archives/741-[^/]*$;/evenement/patrick-azzurra-au-festival-des-4-roues-a-lesparre-medoc-les-10-et-11-juillet;1;301
^/archives/753-[^/]*$;/evenement/bernard-carrere-en-dedicace-a-vicq-fezensacq-le-dimanche-11-juillet;1;301
^/archives/740-[^/]*$;/evenement/marc-large-a-la-librairie-campus-le-10-juillet-de-10h-a-12h;1;301
^/archives/725-[^/]*$;/evenement/les-editions-passiflore-aux-berges-ephemeres-a-dax-le-6-juillet;1;301
^/archives/728-[^/]*$;/evenement/marc-large-au-festival-du-dessin-de-presse-et-d-humour-a-labouheyre-les-3-et-4-juillet;1;301
^/archives/721-[^/]*$;/evenement/frederic-sudupe-en-dedicace-a-grenade-sur-l-adour-le-samedi-3-juillet;1;301
^/archives/663-[^/]*$;/evenement/stephanie-locatelli-au-salon-rochelais-du-livre-feminin-les-3-et-4-juillet;1;301
^/archives/716-[^/]*$;/evenement/passiflore-et-ses-auteurs-au-festival-nuits-des-forets-a-saint-paul-en-born-2-au-4-juillet;1;301
^/archives/731-[^/]*$;/evenement/rencontre-avec-patrick-azzurra-a-la-libraire-les-400-coups-et-au-unik-bordeaux-bar-le-26-juin;1;301
^/archives/709-[^/]*$;/evenement/leon-mazzella-au-festival-les-belles-pages-de-guethary-les-26-27-juin;1;301
^/archives/729-[^/]*$;/evenement/lancement-du-coup-de-coeur-des-lecteurs-2021-avec-maite-lafitte-a-st-perdon;1;301
^/archives/702-[^/]*$;/evenement/nos-auteurs-rugbyphiles-le-19-juin-au-festival-le-grand-maul-de-saint-paul-les-dax-du-17-au-20;1;301
^/archives/722-[^/]*$;/evenement/colloque-alain-vircondelet-a-la-bibliotheque-meriadeck-le-16-juin-a-partir-de-13h;1;301
^/archives/752-[^/]*$;/evenement/bernard-carrere-en-dedicace-a-la-pena-campo-charro-dax-le-16-juin;1;301
^/archives/706-[^/]*$;/evenement/bernard-housseau-sera-au-salon-nature-et-livres-a-mazamet-le-13-juin;1;301
^/archives/688-[^/]*$;/evenement/leon-mazzella-a-la-librairie-lacoste-a-mont-de-marsan-le-samedi-12-juin;1;301
^/archives/717-[^/]*$;/evenement/patrick-azzurra-a-mont-de-marsan-le-12-juin;1;301
^/archives/699-[^/]*$;/evenement/marc-large-richard-arnaudin-et-jean-tucoo-chala-a-vieux-boucau-le-samedi-12-juin;1;301
^/archives/713-[^/]*$;/evenement/marc-large-a-beaupuy-47-les-5-et-6-juin;1;301
^/archives/646-[^/]*$;/evenement/thibault-toulemonde-et-jean-francois-blanc-a-la-mediatheque-de-labatut-le-vendredi-4-juin-2021;1;301
^/archives/684-[^/]*$;/evenement/marie-laure-hubert-nasser-a-mont-de-marsan-le-samedi-29-mai;1;301
^/archives/695-[^/]*$;/evenement/patrick-azzurra-au-printemps-du-livre-a-auchan-lac-le-28-mai;1;301
^/archives/650-[^/]*$;/evenement/marc-large-richard-arnaudin-et-jean-tucoo-chala-a-la-maison-de-l-oralite-et-du-patrimoine-le-samedi-22-mai-2021-a-15h;1;301
^/archives/691-[^/]*$;/evenement/patrick-azzurra-en-dedicace-a-la-librairie-le-partage-des-mots-le-samedi-22-mai;1;301
^/archives/692-[^/]*$;/evenement/patrick-azzurra-sur-souvenirs-fm-le-mardi-18-mai-a-partir-de-12h;1;301
^/archives/705-[^/]*$;/evenement/bernard-housseau-a-soreze-le-dimanche-16-mai;1;301
^/archives/690-[^/]*$;/evenement/marc-large-en-dedicace-a-grenade-le-samedi-15-mai;1;301
^/archives/708-[^/]*$;/evenement/patrick-azzurra-a-l-espace-culturel-leclerc-grand-tour-a-sainte-eulalie-le-15-mai-2021;1;301
^/archives/687-[^/]*$;/evenement/marc-large-en-dedicace-a-mont-de-marsan-le-samedi-24-avril-a-partir-de-10h;1;301
^/archives/669-[^/]*$;/evenement/patrick-azzurra-en-dedicace-a-auchan-meriadeck-le-samedi-10-avril;1;301
^/archives/685-[^/]*$;/evenement/marc-large-sera-a-la-librairie-caracteres-a-mont-de-marsan-le-samedi-10-avril-de-15h-a-18h;1;301
^/archives/686-[^/]*$;/evenement/patrick-azzurra-en-dedidace-a-l-espace-culturel-leclerc-de-langon-le-2-et-3-avril;1;301
^/archives/682-[^/]*$;/evenement/rencontre-avec-marie-laure-hubert-nasser-le-27-mars-a-la-librairie-les-400-coups;1;301
^/archives/678-[^/]*$;/evenement/chantal-detcherry-en-dedicace-a-la-machine-a-lire-le-25-mars;1;301
^/archives/680-[^/]*$;/evenement/marc-large-en-dedicace-a-la-machine-a-lire-le-20-mars;1;301
^/archives/681-[^/]*$;/evenement/rencontre-avec-leon-mazzella-a-la-librairie-darrigade-de-biarritz-le-20-mars;1;301
^/archives/679-[^/]*$;/evenement/marie-laure-hubert-nasser-en-dedicace-a-la-machine-a-lire-le-17-mars;1;301
^/archives/676-[^/]*$;/evenement/marie-laure-hubert-nasser-invitee-de-l-emission-place-des-grands-hommes-sur-france-bleu-gironde-le-7-mars;1;301
^/archives/674-[^/]*$;/evenement/les-editions-passiflore-sur-souvenirs-fm-soustons-97-fm-le-3-mars-a-midi;1;301
^/archives/662-[^/]*$;/evenement/patrick-azzurra-en-dedicace-au-leclerc-de-sainte-eulalie-le-27-fevrier;1;301
^/archives/665-[^/]*$;/evenement/patrick-azzurra-a-la-librairie-la-boite-a-livres-a-lesparre-medoc-le-samedi-20-fevrier;1;301
^/archives/661-[^/]*$;/evenement/patrick-azzurra-en-dedicace-a-auchan-biganos-le-12-et-13-fevrier;1;301
^/archives/659-[^/]*$;/evenement/diffusion-d-un-entretien-avec-chantal-detcherry-sur-radio-rcf-les-14-et-15-janvier;1;301
^/archives/654-[^/]*$;/evenement/les-editions-passiflore-seront-au-marche-de-noel-de-leon-le-jeudi-24-decembre;1;301
^/archives/649-[^/]*$;/evenement/leon-mazzella-a-la-librairie-campus-le-mercredi-23-decembre-a-partir-de-14h30;1;301
^/archives/651-[^/]*$;/evenement/marc-large-a-la-librairie-la-louve-a-saint-sever-le-mercredi-23-decembre-de-15h-a-18h;1;301
^/archives/645-[^/]*$;/evenement/marc-large-sera-present-a-la-librairie-lacoste-le-mardi-22-decembre;1;301
^/archives/648-[^/]*$;/evenement/chantal-detcherry-sera-a-la-librairie-campus-le-mardi-22-decembre-a-partir-de-14h30;1;301
^/archives/653-[^/]*$;/evenement/leon-mazzella-sera-a-la-librairie-l-alinea-a-bayonne-le-mardi-22-decembre;1;301
^/archives/647-[^/]*$;/evenement/marc-large-a-la-librairie-campus-le-lundi-21-decembre-a-partir-de-14h30;1;301
^/archives/635-[^/]*$;/evenement/marc-large-sur-le-marche-de-mezos-le-dimanche-20-decembre;1;301
^/archives/636-[^/]*$;/evenement/marc-large-a-la-librairie-caracteres-le-dimanche-20-decembre-apres-midi;1;301
^/archives/652-[^/]*$;/evenement/leon-mazzella-sera-present-a-la-maison-de-la-presse-des-5-cantons-a-anglet-le-dimanche-20-decembre;1;301
^/archives/638-[^/]*$;/evenement/marc-large-a-la-librairie-lafitte-a-hagetmau-le-samedi-19-decembre-de-10h-a-12h;1;301
^/archives/639-[^/]*$;/evenement/marc-large-a-l-espace-culturel-leclerc-du-grand-moun-le-19-decembre;1;301
^/archives/632-[^/]*$;/evenement/marc-large-sur-souvenirs-fm-le-18-decembre-a-12h;1;301
^/archives/637-[^/]*$;/evenement/marc-large-a-porte-sud-dax-le-vendredi-18-decembre;1;301
^/archives/576-[^/]*$;/evenement/patrick-azzurra-a-l-espace-culturel-leclerc-grand-pineuilh-le-samedi-12-decembre;1;301
^/archives/634-[^/]*$;/evenement/patrick-azzurra-le-vendredi-11-decembre-de-10h-a-18h-a-auchan-meriadeck;1;301
^/archives/573-[^/]*$;/evenement/patrick-azzurra-a-auchan-bordeaux-lac-les-mercredi-9-et-jeudi-10-decembre;1;301
^/archives/596-[^/]*$;/evenement/patrick-azzurra-a-l-espace-cuturel-leclerc-de-langon-les-13-et-14-novembre;1;301
^/archives/567-[^/]*$;/evenement/patrick-azzurra-a-l-espace-culturel-leclerc-de-mont-de-marsan-le-samedi-7-novembre;1;301
^/archives/589-[^/]*$;/evenement/le-livre-felix-arnaudin-100-ans-apres-sera-presente-a-la-mediatheque-de-pissos-le-samedi-24-octobre-a-18h30;1;301
^/archives/604-[^/]*$;/evenement/le-livre-felix-arnaudin-100-ans-apres-sera-presente-a-la-mediatheque-de-saint-paul-les-dax-le-23-octobre-a-partir-de-19h;1;301
^/archives/618-[^/]*$;/evenement/lecture-theatralisee-de-marcus-et-peritas-par-mary-luce-pla-a-tartas-le-vendredi-23-octobre;1;301
^/archives/626-[^/]*$;/evenement/remise-des-prix-du-concours-de-nouvelles-jeudi-22-octobre-2020-a-19h-a-la-mairie-de-dax;1;301
^/archives/622-[^/]*$;/evenement/jean-tucoo-chala-a-la-mediatheque-d-aire-sur-l-adour-le-17-octobre-a-partir-de-15h;1;301
^/archives/624-[^/]*$;/evenement/patrick-azzurra-au-cultura-de-begles-le-vendredi-16-octobre-2020-de-10h-a-18h;1;301
^/archives/623-[^/]*$;/evenement/cyrille-vidal-les-editions-passiflore-et-la-ffcl-sur-france-bleu-gascogne-dimanche-11-octobre-a-12h10;1;301
^/archives/620-[^/]*$;/evenement/stephanie-locatelli-chez-livres-et-tresors-a-la-rochelle-le-samedi-10-octobre;1;301
^/archives/588-[^/]*$;/evenement/le-livre-felix-arnaudin-100-ans-apres-sera-presente-a-la-mediatheque-d-escource-le-vendredi-9-octobre;1;301
^/archives/579-[^/]*$;/evenement/exposition-de-landes-de-lumieres-par-thibault-toulemonde-a-l-atrium-de-dax-du-1er-juillet-au-12-septembre-2020;1;301
^/archives/559-[^/]*$;/evenement/stephanie-locatelli-au-salon-des-auteurs-de-pons-le-dimanche-4-octobre-2020;1;301
^/archives/551-[^/]*$;/evenement/patrick-azzurra-a-l-espace-culturel-leclerc-de-st-magne-de-castillon-le-samedi-3-octobre;1;301
^/archives/602-[^/]*$;/evenement/frederic-sudupe-a-la-librairie-lacoste-le-03-octobre-de-10h-a-17h;1;301
^/archives/616-[^/]*$;/evenement/stephanie-locatelli-sur-france-bleu-la-rochelle-le-mercredi-30-septembre-a-10h;1;301
^/archives/609-[^/]*$;/evenement/chantal-detcherry-et-jean-marc-benedetti-seront-au-salon-du-livre-de-bergerac-le-27-septembre;1;301
^/archives/571-[^/]*$;/evenement/patrick-azzurra-a-la-librairie-le-partage-des-mots-a-villenave-d-ornon-le-samedi-26-septembre;1;301
^/archives/617-[^/]*$;/evenement/portes-ouvertes-de-la-mediatheque-de-labouheyre-le-26-septembre-avec-richard-arnaudin-et-jean-tucoo-chala;1;301
^/archives/606-[^/]*$;/evenement/richard-arnaudin-et-jean-tucoo-chala-a-la-librairie-lacoste-le-26-septembre;1;301
^/archives/600-[^/]*$;/evenement/stephanie-locatelli-a-calipage-maison-de-la-presse-de-saintes-le-26-septembre-de-14h-a-17h;1;301
^/archives/603-[^/]*$;/evenement/richard-arnaudin-et-jean-tucoo-chala-a-la-librairie-caracteres-le-25-septembre-de-16h-a-19h;1;301
^/archives/605-[^/]*$;/evenement/chantal-detcherry-aux-editions-passiflore-le-24-septembre-a-19h;1;301
^/archives/580-[^/]*$;/evenement/passiflore-au-salon-du-livre-de-cambo-les-bains-le-dimanche-20-septembre;1;301
^/archives/583-[^/]*$;/evenement/frederic-sudupe-au-prehistosite-de-brassempouy-pendant-les-journees-europeennes-du-patrimoine-les-19-et-20-septembre-2020;1;301
^/archives/615-[^/]*$;/evenement/venez-feter-la-sortie-de-felix-arnaudin-100-ans-apres-le-samedi-19-septembre-a-labouheyre;1;301
^/archives/599-[^/]*$;/evenement/rencontre-litteraire-avec-stephanie-locatelli-a-la-librairie-l-arbre-a-mots-le-12-septembre-de-15h-a-16h;1;301
^/archives/613-[^/]*$;/evenement/frederic-sudupe-ophelie-arrasse-et-patricia-martinez-sur-souvenirs-fm-vendredi-11-septembre-de-12h-a-13h;1;301
^/archives/536-[^/]*$;/evenement/exposition-syriens-en-regards-a-bacalan-du-3-mars-au-26-avril-2020;1;301
^/archives/522-[^/]*$;/evenement/exposition-syriens-en-regards-a-la-mediatheque-de-bordeaux-du-3-mars-au-26-avril-2020;1;301
^/archives/601-[^/]*$;/evenement/stephanie-locatelli-au-tabac-presse-penaud-le-20-aout-de-10h-a-14h;1;301
^/archives/594-[^/]*$;/evenement/rencontre-conference-sur-le-metier-d-editeur-le-26-aout-a-16h;1;301
^/archives/590-[^/]*$;/evenement/patrick-azzurra-a-la-librairie-de-corinne-a-soulac-sur-mer-le-18-aout;1;301
^/archives/598-[^/]*$;/evenement/stephanie-locatelli-a-la-librairie-grand-largue-a-saint-martin-de-re-le-17-aout-de-11h-a-13h;1;301
^/archives/608-[^/]*$;/evenement/leon-mazzella-et-les-photographes-de-euskal-kostaldea-photographie-pays-basque-aux-cinq-cantons-le-16-aout-a-partir-de-09h30;1;301
^/archives/610-[^/]*$;/evenement/jean-michel-cormary-participera-au-mont2-livres-le-23-aout-a-mont-de-marsan;1;301
^/archives/591-[^/]*$;/evenement/bernard-housseau-sera-a-soreze-le-26-juillet-2020;1;301
^/archives/597-[^/]*$;/evenement/stephanie-locatelli-a-la-bibliotheque-de-lile-daix-le-14-aout-a-partir-de-16h30;1;301
^/archives/593-[^/]*$;/evenement/patrick-azzurra-a-la-librairie-la-veillee-de-biscarrosse-le-24-juillet-de-10h-a-13h;1;301
^/archives/550-[^/]*$;/evenement/patrick-azzurra-a-l-espace-culturel-leclerc-de-ares-le-lundi-20-juillet;1;301
^/archives/563-[^/]*$;/evenement/patrick-azzurra-a-la-librairie-des-marquises-a-arcachon-le-lundi-3-aout;1;301
^/archives/595-[^/]*$;/evenement/stephanie-locatelli-sur-radio-pons-le-13-juillet-2020;1;301
^/archives/584-[^/]*$;/evenement/vernissage-de-l-exposition-landes-de-lumieres-par-thibault-toulemonde-le-mercredi-15-juillet-a-18h30;1;301
^/archives/586-[^/]*$;/evenement/portes-ouvertes-a-la-ganaderia-nogues-le-12-juillet-2020-a-partir-de-10h;1;301
^/archives/569-[^/]*$;/evenement/stephanie-locatelli-a-la-librairie-pierre-loti-a-rochefort-le-27-juin-2020;1;301
^/archives/578-[^/]*$;/evenement/stephanie-locatelli-a-la-librairie-peiro-caillaud-a-saintes-le-vendredi-26-juin-2020;1;301
^/archives/574-[^/]*$;/evenement/inteview-sur-souvenir-fm-de-mathieu-nogues-et-fabrice-lafourcade-le-24-juin-de-12h-a-13h;1;301
^/archives/575-[^/]*$;/evenement/atelier-d-ecriture-le-mardi-23-juin-2020-de-18h-a-20h-30;1;301
^/archives/570-[^/]*$;/evenement/marc-large-fabrice-lafourcade-et-mathieu-nogues-a-la-librairie-presse-lafitte-a-hagetmau-le-samedi-20-juin-de-10h-a-12h;1;301
^/archives/568-[^/]*$;/evenement/frederic-sudupe-a-la-maison-de-la-presse-monge-a-grenade-le-6-juin-2020;1;301
^/archives/544-[^/]*$;/evenement/patrick-azzurra-a-la-librairie-du-centre-auchan-meriadeck-a-bordeaux-le-samedi-14-mars;1;301
^/archives/556-[^/]*$;/evenement/les-editions-passiflore-au-salon-lire-a-hagetmots-le-8-mars-2020;1;301
^/archives/540-[^/]*$;/evenement/patrick-azzurra-a-l-espace-culturel-leclerc-grand-pineuilh-le-vendredi-6-mars;1;301
^/archives/524-[^/]*$;/evenement/exposition-syriens-en-regards-au-rocher-de-palmer-a-cenon-du-11-fevrier-au-2-mars-2020;1;301
^/archives/539-[^/]*$;/evenement/patrick-azzurra-a-la-teste-de-buch-chez-cultura-pour-presenter-son-deuxieme-roman-le-28-fevrier;1;301
^/archives/543-[^/]*$;/evenement/patrick-azzurra-a-la-librairie-nouveau-chapitre-de-st-medard-le-samedi-22-fevrier;1;301
^/archives/519-[^/]*$;/evenement/presentation-et-dedicaces-de-marc-large-a-la-bibliotheque-du-pays-morcenais-le-vendredi-14-fevrier-2020;1;301
^/archives/477-[^/]*$;/evenement/marc-large-a-la-teste-de-buch-les-7-8-fevrier;1;301
^/archives/537-[^/]*$;/evenement/chantal-detcherry-lue-par-sophie-robin-a-eysines-le-7-fevrier-a-18h30;1;301
^/archives/542-[^/]*$;/evenement/patrick-azzurra-sur-les-ondes-de-rig-907-radio-le-jeudi-6-fevrier-a-14h;1;301
^/archives/534-[^/]*$;/evenement/7eme-edition-de-des-livres-et-nous-a-peyrehorade-le-dimanche-2-fevrier-2020;1;301
^/archives/473-[^/]*$;/evenement/marc-large-a-magescq-le-samedi-18-janvier-2020-a-20h;1;301
^/archives/535-[^/]*$;/evenement/patrick-azzurra-a-dax-chez-passiflore-pour-presenter-son-deuxieme-roman-le-16-janvier;1;301
^/archives/530-[^/]*$;/evenement/marc-large-en-dedicace-a-mont-de-marsan-le-vendredi-20-decembre-a-14h;1;301
^/archives/529-[^/]*$;/evenement/rencontre-dedicaces-de-jean-francois-blanc-et-thibault-toulemonde-a-mont-de-marsan-le-dimanche-15-decembre;1;301
^/archives/488-[^/]*$;/evenement/marc-large-dans-l-espace-livres-du-centre-leclerc-d-aire-sur-adour-le-14-decembre-2019;1;301
^/archives/498-[^/]*$;/evenement/jean-francois-blanc-et-thibault-toulemonde-a-l-espace-culturel-leclerc-de-mont-de-marsan-le-samedi-14-decembre-de-15h-a-18h;1;301
^/archives/526-[^/]*$;/evenement/rencontre-avec-bernard-housseau-a-la-francaise-le-vendredi-13-decembre;1;301
^/archives/510-[^/]*$;/evenement/patrick-azzurra-a-auchan-bordeaux-lac-les-12-et-13-decembre;1;301
^/archives/516-[^/]*$;/evenement/conference-de-jean-marc-benedetti-le-11-decembre-a-la-mediatheque-de-monflanquin;1;301
^/archives/533-[^/]*$;/evenement/dimanche-8-decembre-blaye-jean-michel-lafon-et-jean-michel-cormary-en-dedicace;1;301
^/archives/507-[^/]*$;/evenement/patrick-azzurra-a-l-espace-culturel-leclerc-de-ste-eulalie-le-samedi-7-decembre;1;301
^/archives/511-[^/]*$;/evenement/soiree-syriens-en-regards-aux-vivres-de-l-art-a-bordeaux-le-7-decembre;1;301
^/archives/514-[^/]*$;/evenement/rencontre-litteraire-avec-jean-marc-benedetti-a-cadillac-le-samedi-7-decembre-2019;1;301
^/archives/512-[^/]*$;/evenement/soiree-felix-arnaudin-au-centre-culturel-de-leon-40-le-jeudi-5-decembre-a-partir-de-19h;1;301
^/archives/509-[^/]*$;/evenement/patrick-azzurra-a-auchan-biganos-le-vendredi-29-novembre;1;301
^/archives/520-[^/]*$;/evenement/presentation-de-landes-de-lumieres-avec-jean-francois-blanc-et-thibault-toulemonde-le-jeudi-28-novembre-a-19h-a-dax;1;301
^/archives/531-[^/]*$;/evenement/festival-migrant-scene-de-la-cimade-ken-a-valenciennes-les-25-26-et-27-novembre;1;301
^/archives/528-[^/]*$;/evenement/sixiemes-rencontres-litteraires-de-pau-les-idees-menent-le-monde-en-quoi-croire-encore-du-22-au-24-novembre-2019;1;301
^/archives/505-[^/]*$;/evenement/marc-large-a-saint-justin-le-16-novembre-a-partir-de-18h-au-cercle-de-la-fraternite;1;301
^/archives/525-[^/]*$;/evenement/rencontre-avec-jean-marc-benedetti-et-ken-a-mont-de-marsan-le-15-novembre;1;301
^/archives/523-[^/]*$;/evenement/rencontre-avec-ken-a-la-librairie-caracteres-de-mont-de-marsan-le-15-novembre;1;301
^/archives/517-[^/]*$;/evenement/exposition-sur-la-premiere-guerre-mondiale-a-seignosse-en-presence-de-marc-large-le-9-novembre;1;301
^/archives/508-[^/]*$;/evenement/patrick-azzurra-a-l-espace-culturel-leclerc-de-st-magne-de-castillon-le-samedi-9-novembre-10h-18h;1;301
^/archives/480-[^/]*$;/evenement/charlotte-canat-et-ken-a-la-machine-a-lire-a-bordeaux-le-jeudi-7-novembre;1;301
^/archives/527-[^/]*$;/evenement/rencontre-debat-dedicace-avec-la-participation-de-jean-marc-benedetti-a-villeneuve-le-jeudi-7-novembre-a-18h;1;301
^/archives/492-[^/]*$;/evenement/colloque-autour-de-l-oeuvre-de-chantal-detcherry-a-la-bibliotheque-de-bordeaux-le-6-novembre-de-13h-a-19h;1;301
^/archives/506-[^/]*$;/evenement/patrick-azzurra-a-la-fnac-de-bergerac-samedi-2-novembre-10h-18h;1;301
^/archives/521-[^/]*$;/evenement/remise-des-prix-du-concours-de-nouvelles-des-editions-passiflore-2019-le-14-novembre;1;301
^/archives/465-[^/]*$;/evenement/patrick-azzurra-a-l-espace-culturel-leclerc-de-pineuilh-le-vendredi-25-octobre;1;301
^/archives/418-[^/]*$;/evenement/bernard-housseau-a-la-mediatheque-de-bougue-le-vendredi-18-octobre-a-18h30;1;301
^/archives/513-[^/]*$;/evenement/rencontre-litteraire-avec-jean-marc-benedetti-a-miramont-de-guyenne-le-mercredi-16-octobre-2019;1;301
^/archives/501-[^/]*$;/evenement/charlotte-canat-et-ken-a-belin-beliet-le-dimanche-13-octobre-pour-la-journee-solidarite-et-toit;1;301
^/archives/478-[^/]*$;/evenement/marc-large-en-conference-au-salon-du-livre-de-geaune-le-samedi-12-octobre-et-le-dimanche-13-a-15h;1;301
^/archives/479-[^/]*$;/evenement/les-editions-passiflore-au-salon-du-livre-de-geaune-les-samedi-12-et-dimanche-13-octobre;1;301
^/archives/481-[^/]*$;/evenement/jean-francois-blanc-et-thibault-toulemonde-a-l-espace-culturel-leclerc-de-st-paul-les-dax-le-samedi-12-octobre-de-15h-a-18h;1;301
^/archives/497-[^/]*$;/evenement/charlotte-canat-et-ken-a-l-espace-culturel-leclerc-de-mont-de-marsan-le-samedi-12-octobre-de-10h-a-12h;1;301
^/archives/456-[^/]*$;/evenement/marc-large-a-l-espace-culturel-leclerc-de-st-paul-les-dax-le-vendredi-11-octobre-de-15h-a-18h;1;301
^/archives/496-[^/]*$;/evenement/presentation-de-syriens-en-regards-avec-charlotte-canat-et-ken-le-jeudi-10-octobre-a-19h-chez-passiflore-a-dax;1;301
^/archives/502-[^/]*$;/evenement/jean-marc-benedetti-au-salon-du-livre-de-port-sainte-foy-le-6-octobre;1;301
^/archives/504-[^/]*$;/evenement/marc-large-au-gasconceptstore-a-capbreton-le-5-octobre;1;301
^/archives/428-[^/]*$;/evenement/jean-michel-cormary-a-l-espace-culturel-leclerc-d-albi-le-samedi-5-octobre;1;301
^/archives/500-[^/]*$;/evenement/nicolas-vergonzeanne-francis-poustis-et-patrice-larrosa-a-l-espace-culturel-leclerc-du-grand-moun-le-samedi-28-septembre;1;301
^/archives/438-[^/]*$;/evenement/les-editions-passiflore-a-la-salle-vidal-de-seignosse-le-samedi-28-septembre;1;301
^/archives/445-[^/]*$;/evenement/jean-marc-benedetti-a-ste-foy-la-grande-le-vendredi-27-septembre-avec-l-association-coeur-de-bastide;1;301
^/archives/467-[^/]*$;/evenement/maite-lafitte-a-la-mediatheque-d-amou-le-jeudi-26-septembre-a-20h30;1;301
^/archives/470-[^/]*$;/evenement/marc-large-a-marmande-le-jeudi-26-septembre-a-partir-de-17h;1;301
^/archives/495-[^/]*$;/evenement/jean-michel-cormary-a-leclerc-saint-orens-31-le-25-septembre-de-9h30-a-12h-et-a-blagnac-de-14h30-a-18h;1;301
^/archives/494-[^/]*$;/evenement/les-editions-passiflore-a-morlanne-le-dimanche-22-septembre;1;301
^/archives/439-[^/]*$;/evenement/marc-large-a-l-ecomusee-de-marqueze-a-sabres-le-dimanche-22-septembre;1;301
^/archives/484-[^/]*$;/evenement/gueules-d-ovalie-a-l-espace-culturel-leclerc-de-st-medard-en-jalles-le-samedi-21-septembre-a-partir-de-14h30;1;301
^/archives/490-[^/]*$;/evenement/deambulations-theatrales-avec-marc-large-et-des-textes-de-felix-arnaudin-le-samedi-21-septembre-a-anglet;1;301
^/archives/390-[^/]*$;/evenement/maite-lafitte-a-la-mediatheque-de-bougue-le-vendredi-20-septembre-a-18h30;1;301
^/archives/503-[^/]*$;/evenement/jean-michel-cormary-et-jean-michel-lafon-au-leclerc-de-sainte-eulalie-le-vendredi-20-septembre-a-partir-de-15h;1;301
^/archives/486-[^/]*$;/evenement/presentation-de-la-fuite-d-italie-de-jean-marc-benedetti-le-jeudi-19-septembre-chez-passiflore-a-dax;1;301
^/archives/489-[^/]*$;/evenement/jean-michel-cormary-et-jean-michel-lafon-au-stade-armandie-a-agen-le-15-septembre-a-partir-de-11h;1;301
^/archives/483-[^/]*$;/evenement/jean-michel-cormary-et-jean-michel-lafon-a-la-maison-de-la-presse-mondesir-merignac-le-samedi-14-septembre-de-15h-a-18h30;1;301
^/archives/493-[^/]*$;/evenement/jean-marc-benedetti-a-la-soiree-italienne-de-duras-le-13-septembre;1;301
^/archives/429-[^/]*$;/evenement/chantal-detcherry-au-festival-place-aux-nouvelles-a-lauzerte-les-7-et-8-septembre;1;301
^/archives/491-[^/]*$;/evenement/patrick-azzurra-a-la-fnac-bordeaux-lac-le-7-septembre;1;301
^/archives/446-[^/]*$;/evenement/jean-marc-benedetti-a-l-espace-culturel-leclerc-grand-pineuilh-le-samedi-7-septembre-a-partir-de-10h;1;301
^/archives/442-[^/]*$;/evenement/jean-marc-benedetti-a-la-machine-a-lire-le-mardi-3-septembre-a-18h30;1;301
^/archives/441-[^/]*$;/evenement/patrick-azzurra-a-l-espace-culturel-leclerc-d-ares-le-lundi-26-aout;1;301
^/archives/452-[^/]*$;/evenement/marc-large-a-cauneille-le-samedi-24-aout-a-partir-de-20h30;1;301
^/archives/487-[^/]*$;/evenement/bernard-housseau-a-lacaune-vendredi-23-aout-librairie-terre-de-l-enfant-sauvage;1;301
^/archives/427-[^/]*$;/evenement/pascale-dewambrechies-chantal-detcherry-et-jean-marc-benedetti-au-chateau-castera-le-jeudi-22-aout;1;301
^/archives/440-[^/]*$;/evenement/patrick-azzurra-au-cultura-de-la-teste-de-buch-le-lundi-12-aout;1;301
^/archives/468-[^/]*$;/evenement/jean-michel-cormary-et-jean-michel-lafon-a-la-librairie-alice-cap-ferret-le-lundi-12-aout;1;301
^/archives/485-[^/]*$;/evenement/elisabeth-rollin-et-marie-laure-hubert-nasser-au-marche-de-st-julien-en-born-le-10-aout;1;301
^/archives/460-[^/]*$;/evenement/bernard-housseau-au-salon-du-livre-de-mortagnegironde-le-4-aout;1;301
^/archives/459-[^/]*$;/evenement/les-editions-passiflore-au-salon-du-livre-de-leon-le-4-aout;1;301
^/archives/474-[^/]*$;/evenement/jean-michel-cormary-et-jean-michel-lafon-a-seignosse-le-penon-le-mardi-30-juillet-de-9h-a-12h;1;301
^/archives/464-[^/]*$;/evenement/patrick-azzurra-a-l-espace-culturel-leclerc-de-mimizan-le-lundi-29-juillet;1;301
^/archives/455-[^/]*$;/evenement/marc-large-au-marche-de-st-julien-en-born-le-20-juillet-de-10h-a-13h;1;301
^/archives/469-[^/]*$;/evenement/passiflore-a-l-anglet-beach-rugby-festival-du-vendredi-19-au-dimanche-21-juillet;1;301
^/archives/454-[^/]*$;/evenement/chantal-detcherry-aux-plumes-de-l-herbe-cap-ferret-le-19-juillet-de-17h-a-21h;1;301
^/archives/472-[^/]*$;/evenement/marc-large-et-les-editions-passiflore-sur-souvenirs-fm-le-jeudi-18-juillet-a-12h;1;301
^/archives/476-[^/]*$;/evenement/chantal-detcherry-a-la-journee-des-auteurs-a-montalivet-le-18-juillet-a-partir-de-17h;1;301
^/archives/458-[^/]*$;/evenement/les-editions-passiflore-a-la-manifestation-nect-art-de-mots-a-azur-le-10-juillet;1;301
^/archives/437-[^/]*$;/evenement/marc-large-en-conference-au-salon-du-livre-d-hossegor-le-dimanche-7-juillet-a-10h30;1;301
^/archives/475-[^/]*$;/evenement/patrick-azzurra-a-la-maison-de-la-presse-des-5-cantons-anglet-le-7-juillet-de-10h-a-13h;1;301
^/archives/457-[^/]*$;/evenement/les-editions-passiflore-au-salon-du-livre-d-hossegor-les-5-6-et-7-juillet;1;301
^/archives/466-[^/]*$;/evenement/maite-lafitte-a-la-mediatheque-de-pomarez-le-jeudi-4-juillet-a-20h30;1;301
^/archives/411-[^/]*$;/evenement/rdv-a-mezos-le-29-juin-pour-une-presentation-de-l-atlantique-en-54-jours-exposition-livre-film;1;301
^/archives/423-[^/]*$;/evenement/jean-michel-cormary-et-jean-michel-lafon-au-cultura-de-la-teste-le-samedi-29-juin-de-14h-a-18h;1;301
^/archives/436-[^/]*$;/evenement/marc-large-a-labouheyre-le-samedi-29-juin-a-partir-de-16h30;1;301
^/archives/463-[^/]*$;/evenement/les-editions-passiflore-a-arcangues-le-28-juin;1;301
^/archives/435-[^/]*$;/evenement/marc-large-a-l-auditorium-jacques-anthian-au-siege-du-grand-dax-le-jeudi-27-juin-a-partir-de-18h;1;301
^/archives/447-[^/]*$;/evenement/marc-large-a-la-librairie-caracteres-le-jeudi-20-juin-a-partir-de-19h;1;301
^/archives/462-[^/]*$;/evenement/les-editions-passiflore-a-peyrehorade-le-20-juin;1;301
^/archives/448-[^/]*$;/evenement/marc-large-a-l-emission-place-des-grands-hommes-de-france-bleu-gironde-le-mercredi-19-juin-a-12h;1;301
^/archives/461-[^/]*$;/evenement/jean-michel-cormary-a-libourne-le-18-juin;1;301
^/archives/419-[^/]*$;/evenement/jean-michel-cormary-et-jean-michel-lafon-au-cultura-de-begles-le-samedi-15-juin;1;301
^/archives/453-[^/]*$;/evenement/florence-d-oria-a-la-mediatheque-de-cannes-le-samedi-15-juin-de-14h-a-16h;1;301
^/archives/434-[^/]*$;/evenement/table-ronde-autour-de-marc-large-a-hagetmau-le-samedi-15-juin-a-10h30;1;301
^/archives/415-[^/]*$;/evenement/jean-michel-cormary-a-l-espace-culturel-leclerc-de-st-paul-les-dax-le-vendredi-14-juin-de-15h-a-19h;1;301
^/archives/444-[^/]*$;/evenement/jean-michel-cormary-et-jean-michel-lafon-a-la-maison-de-la-presse-mondesir-merignac-le-mercredi-12-juin-apres-midi;1;301
^/archives/433-[^/]*$;/evenement/marc-large-a-la-librairie-lacoste-le-samedi-8-juin-a-11h;1;301
^/archives/409-[^/]*$;/evenement/presentation-du-roman-de-marc-large-le-6-juin-a-partir-de-18h-dans-la-salle-felix-arnaudin-st-paul-les-dax;1;301
^/archives/443-[^/]*$;/evenement/elisabeth-rollin-au-festival-du-livre-de-ste-foy-de-peyrolieres-le-dimanche-2-juin;1;301
^/archives/450-[^/]*$;/evenement/un-battle-de-dessinateurs-avec-jean-michel-lafon-le-1er-juin-de-15h-a-18h-a-pugnac;1;301
^/archives/451-[^/]*$;/evenement/jean-michel-lafon-et-jean-michel-cormary-a-la-librairie-alice-cap-ferret-le-jeudi-30-mai;1;301
^/archives/449-[^/]*$;/evenement/maite-lafitte-a-la-librairie-lafitte-le-samedi-25-mai-de-10h-a-12h;1;301
^/archives/426-[^/]*$;/evenement/patrick-azzurra-a-chambery-le-24-et-25-mai-pour-le-festival-du-premier-roman;1;301
^/archives/422-[^/]*$;/evenement/jean-michel-lafon-au-cultura-de-champniers-angouleme-le-mercredi-22-mai-de-14h-a-18h;1;301
^/archives/425-[^/]*$;/evenement/maite-lafitte-a-la-maison-de-la-presse-de-grenade-sur-l-adour-le-18-mai-de-9h-a-12h;1;301
^/archives/406-[^/]*$;/evenement/fabienne-thomas-a-la-bibliotheque-de-petit-mars-44-le-17-mai;1;301
^/archives/431-[^/]*$;/evenement/jean-michel-cormary-et-jean-michel-lafon-a-la-librairie-lacoste-mont-de-marsan-le-vendredi-17-mai-de-17h-a-19h;1;301
^/archives/385-[^/]*$;/evenement/bernard-housseau-au-salon-du-livre-de-mazamet-le-12-mai;1;301
^/archives/407-[^/]*$;/evenement/bernard-housseau-a-la-mediatheque-de-biarritz-le-jeudi-9-mai-a-17h;1;301
^/archives/397-[^/]*$;/evenement/jean-michel-cormary-et-jean-michel-lafon-au-festival-de-la-bd-a-gauriac-les-4-et-5-mai;1;301
^/archives/396-[^/]*$;/evenement/patrick-azzurra-a-l-espace-culturel-leclerc-de-lesparre-le-4-mai-a-partir-de-10h;1;301
^/archives/405-[^/]*$;/evenement/fabienne-thomas-a-la-fete-du-livre-de-quiberon-les-27-et-28-avril;1;301
^/archives/430-[^/]*$;/evenement/les-editions-passiflore-et-jean-michel-cormary-a-perigueux-les-27-et-28-avril;1;301
^/archives/432-[^/]*$;/evenement/patrick-azzurra-au-salon-du-livre-de-soulac-sur-mer-les-27-28-avril-2019;1;301
^/archives/395-[^/]*$;/evenement/maite-lafitte-a-la-mediatheque-d-orist-le-samedi-27-avril;1;301
^/archives/413-[^/]*$;/evenement/jean-michel-cormary-a-bayonne-le-vendredi-26-avril;1;301
^/archives/392-[^/]*$;/evenement/patrick-azzurra-au-cultura-de-merignac-le-samedi-20-avril-a-partir-de-10h;1;301
^/archives/404-[^/]*$;/evenement/patrick-azzurra-a-la-librairie-madison-le-samedi-13-avril-de-10h-a-18h;1;301
^/archives/417-[^/]*$;/evenement/jean-michel-cormary-et-jean-michel-lafon-au-restaurant-etche-ona-begles-le-samedi-13-avril;1;301
^/archives/400-[^/]*$;/evenement/les-editions-passiflore-au-salon-les-rencontres-a-lire-de-dax-du-vendredi-12-au-dimanche-14-avril;1;301
^/archives/424-[^/]*$;/evenement/patrice-larrosa-et-francis-poustis-a-la-tumade-a-mont-de-marsan-le-jeudi-11-avril-a-19h30;1;301
^/archives/416-[^/]*$;/evenement/rencontre-avec-chantal-detcherry-durant-l-escale-du-livre-le-dimanche-7-avril-a-11h;1;301
^/archives/399-[^/]*$;/evenement/les-editions-passiflore-l-escale-du-livre-de-bordeaux-du-vendredi-5-au-dimanche-7-avril;1;301
^/archives/420-[^/]*$;/evenement/jean-michel-cormary-et-jean-michel-lafon-a-l-emission-la-melee-du-lundi-de-france-bleu-gironde-le-1er-avril-a-18h;1;301
^/archives/391-[^/]*$;/evenement/patrick-azzurra-au-salon-du-livre-de-ludon-medoc-le-dimanche-31-mars;1;301
^/archives/410-[^/]*$;/evenement/marie-laure-hubert-nasser-aux-rencontres-avec-les-auteurs-et-les-artistes-peintres-de-bordeaux-cauderan-le-30-mars;1;301
^/archives/421-[^/]*$;/evenement/chantal-detcherry-a-l-emission-5e-de-couverture-de-rcf-le-28-mars-a-19h30-et-le-29-mars-a-11h30;1;301
^/archives/398-[^/]*$;/evenement/les-editions-passiflore-au-salon-du-livre-de-paris-le-lundi-18-mars;1;301
^/archives/412-[^/]*$;/evenement/ken-en-exposition-a-l-espace-beaulieu-a-bordeaux-du-11-mars-au-3-mai;1;301
^/archives/384-[^/]*$;/evenement/patrick-azzurra-a-l-espace-culturel-leclerc-de-pineuilh-le-9-mars-a-partir-de-10h;1;301
^/archives/401-[^/]*$;/evenement/chantal-detcherry-a-la-bibliotheque-pour-tous-de-st-emilion-le-7-mars-a-19h15;1;301
^/archives/387-[^/]*$;/evenement/patrick-azzurra-au-cultura-de-begles-le-samedi-2-mars-a-partir-de-10h;1;301
^/archives/402-[^/]*$;/evenement/maite-lafitte-a-la-librairie-lafitte-le-23-fevrier-de-10h-a-12h;1;301
^/archives/383-[^/]*$;/evenement/chantal-detcherry-a-la-station-ausone-mollat-le-15-fevrier-a-18h;1;301
^/archives/403-[^/]*$;/evenement/maite-lafitte-sur-canal-ha-la-chaine-tele-d-hagetmau-a-partir-du-14-fevrier;1;301
^/archives/389-[^/]*$;/evenement/fabienne-thomas-a-la-librairie-l-odyssee-vallet-44-le-8-fevrier-2019-a-19h;1;301
^/archives/339-[^/]*$;/evenement/fabienne-thomas-a-la-librairie-lise-et-moi-vertou-le-7-fevrier-2019-a-20h;1;301
^/archives/378-[^/]*$;/evenement/presentation-d-efcharisto-de-maite-lafitte-le-7-fevrier-chez-passiflore-a-dax;1;301
^/archives/394-[^/]*$;/evenement/chantal-detcherry-a-l-emission-place-des-grands-hommes-de-france-bleu-gironde-le-mercredi-6-fevrier-a-12h;1;301
^/archives/380-[^/]*$;/evenement/patrice-larrosa-et-francis-poustis-le-2-fevrier-a-17h-a-la-mediatheque-de-samadet;1;301
^/archives/373-[^/]*$;/evenement/fabienne-thomas-a-la-librairie-le-livre-dans-la-theiere-a-roche-serviere-85-le-24-janvier-a-19h30;1;301
^/archives/377-[^/]*$;/evenement/bernard-housseau-au-salon-du-livre-de-montgiscard-le-20-janvier;1;301
^/archives/374-[^/]*$;/evenement/fabienne-thomas-a-la-librairie-la-bulle-a-nozay-44-le-19-janvier-de-10h-a-12h30;1;301
^/archives/381-[^/]*$;/evenement/patrick-azzurra-a-la-bibliotheque-de-parempuyre-le-19-janvier-de-10h-a-12h30;1;301
^/archives/386-[^/]*$;/evenement/rencontre-avec-bernard-housseau-pour-la-nuit-de-la-lecture-le-19-janvier-a-17h30;1;301
^/archives/388-[^/]*$;/evenement/fabienne-thomas-a-l-espace-culturel-pole-sud-basse-goulaine-44-le-19-janvier-de-15h-a-19h;1;301
^/archives/382-[^/]*$;/evenement/bernard-housseau-en-dedicace-a-la-librairie-terre-de-l-enfant-sauvage-le-5-janvier-a-14h;1;301
^/archives/371-[^/]*$;/evenement/patrick-azzurra-au-cultura-de-begles-le-dimanche-16-decembre-a-partir-de-10h;1;301
^/archives/376-[^/]*$;/evenement/bernard-housseau-a-l-espace-culturel-leclerc-de-st-orens-le-15-decembre-de-10h-a-12h-et-de-15h-a-17h;1;301
^/archives/337-[^/]*$;/evenement/bernard-housseau-au-cultura-de-balma-toulouse-le-dimanche-9-decembre-2018-de-10h-a-13h;1;301
^/archives/372-[^/]*$;/evenement/patrick-azzurra-dans-la-galerie-marchande-d-auchan-lac-a-bordeaux-les-8-et-9-decembre-a-partir-de-10h;1;301
^/archives/375-[^/]*$;/evenement/patrick-azzurra-a-la-librairie-de-la-comedie-bordeaux-le-5-decembre-a-partir-de-14h;1;301
^/archives/365-[^/]*$;/evenement/bernard-housseau-a-la-librairie-calligram-a-mazamet-le-samedi-1er-decembre;1;301
^/archives/366-[^/]*$;/evenement/bernard-carrere-et-patrice-larrosa-a-la-salle-des-fetes-de-pouillon-le-30-novembre-a-19h;1;301
^/archives/368-[^/]*$;/evenement/jean-michel-lafon-au-club-de-rugby-d-agen-le-28-novembre-a-partir-de-13h30;1;301
^/archives/345-[^/]*$;/evenement/chantal-detcherry-a-sainte-foy-la-grande-le-samedi-24-novembre-a-11h;1;301
^/archives/352-[^/]*$;/evenement/bernard-housseau-au-musee-du-bois-de-revel-le-samedi-24-novembre-de-10h-a-12h;1;301
^/archives/353-[^/]*$;/evenement/bernard-housseau-a-la-librairie-privat-toulouse-le-vendredi-23-novembre-de-17h-a-19h;1;301
^/archives/286-[^/]*$;/evenement/en-quoi-consiste-le-metier-d-editeur-prochain-rdv-le-mercredi-21-novembre-a-partir-de-16h;1;301
^/archives/360-[^/]*$;/evenement/patrick-azzurra-a-la-librairie-madison-libourne-le-samedi-17-novembre-de-10h-a-12h-et-de-14h-a-18h;1;301
^/archives/354-[^/]*$;/evenement/les-editions-passiflore-et-leurs-auteurs-au-salon-les-idees-menent-le-monde-a-pau-du-16-au-18-novembre-2018;1;301
^/archives/355-[^/]*$;/evenement/bernard-housseau-a-l-espace-culturel-leclerc-de-montauban-le-vendredi-16-novembre;1;301
^/archives/363-[^/]*$;/evenement/chantal-detcherry-a-dax-chez-campus-le-16-novembre-2018-a-18h;1;301
^/archives/361-[^/]*$;/evenement/marie-laure-hubert-nasser-avec-l-association-femme-avenir-le-13-novembre-a-12h30-a-l-ibis-meriadeck;1;301
^/archives/336-[^/]*$;/evenement/bernard-housseau-a-la-librairie-coulier-castres-le-samedi-10-novembre-de-10h-a-12h;1;301
^/archives/347-[^/]*$;/evenement/chantal-detcherry-en-dedicace-a-la-librairie-mollat-le-10-novembre-a-partir-de-15h-pour-gens-des-arbres;1;301
^/archives/370-[^/]*$;/evenement/patrick-azzurra-a-aire-sur-l-adour-de-10h-a-13h-puis-a-samadet-17h-le-10-novembre;1;301
^/archives/369-[^/]*$;/evenement/remise-des-prix-de-notre-concours-de-nouvelles-2018-le-vendredi-9-novembre-a-19h;1;301
^/archives/356-[^/]*$;/evenement/bernard-housseau-au-200eme-marche-aux-livres-de-soreze-le-4-novembre-a-partir-de-10h;1;301
^/archives/333-[^/]*$;/evenement/patrick-azzurra-au-leclerc-de-saint-medard-en-jalles-le-samedi-3-novembre;1;301
^/archives/328-[^/]*$;/evenement/patrick-azzurra-au-leclerc-de-st-magne-de-castillon-le-27-octobre-a-partir-de-10h;1;301
^/archives/367-[^/]*$;/evenement/bernard-housseau-a-la-librairie-du-beffroi-revel-le-vendredi-26-octobre-a-18h;1;301
^/archives/330-[^/]*$;/evenement/patrick-azzurra-a-l-espace-culturel-du-leclerc-de-sainte-eulalie-a-bordeaux-le-samedi-20-octobre;1;301
^/archives/351-[^/]*$;/evenement/bernard-housseau-a-dax-pour-presenter-la-jeune-fille-et-le-fleuve-le-18-octobre-a-18h30;1;301
^/archives/349-[^/]*$;/evenement/fabienne-thomas-a-dax-le-15-octobre-a-partir-de-14h;1;301
^/archives/359-[^/]*$;/evenement/les-editions-passiflore-au-salon-du-livre-de-geaune-les-13-14-octobre-2018;1;301
^/archives/340-[^/]*$;/evenement/fabienne-thomas-a-la-fete-du-livre-et-des-arts-de-bouaye-le-13-octobre;1;301
^/archives/338-[^/]*$;/evenement/fabienne-thomas-a-la-librairie-durance-le-11-octobre-a-18h;1;301
^/archives/350-[^/]*$;/evenement/patrick-azzurra-a-la-fnac-bordeaux-lac-le-6-octobre;1;301
^/archives/341-[^/]*$;/evenement/fabienne-thomas-a-la-mediatheque-de-ste-luce-sur-loire-le-5-octobre-a-18h30;1;301
^/archives/346-[^/]*$;/evenement/chasses-furtives-de-leon-mazzella-a-la-mediatheque-de-magescq-le-vendredi-5-octobre-2018;1;301
^/archives/364-[^/]*$;/evenement/pascale-dewambrechies-a-la-bibliotheque-de-douai-le-4-octobre-a-10h30;1;301
^/archives/344-[^/]*$;/evenement/fabienne-thomas-a-la-mediatheque-floresca-guepin-a-nantes-le-3-octobre-a-19h;1;301
^/archives/319-[^/]*$;/evenement/patrick-azzurra-a-l-espace-culturel-leclerc-de-langon-le-samedi-29-septembre-2018;1;301
^/archives/357-[^/]*$;/evenement/elisabeth-rollin-a-la-librairie-l-attrape-reves-muret-le-samedi-29-septembre-de-10h-a-12h-et-14h-a-16h;1;301
^/archives/342-[^/]*$;/evenement/les-editions-passiflore-au-salon-de-la-brede-les-22-et-23-septembre;1;301
^/archives/323-[^/]*$;/evenement/patrick-azzurra-a-la-librairie-des-chartrons-le-samedi-22-septembre-a-partir-de-17h;1;301
^/archives/334-[^/]*$;/evenement/marie-laure-hubert-nasser-a-la-bibliotheque-d-arsac-le-22-septembre-2018-a-10h30;1;301
^/archives/358-[^/]*$;/evenement/fabienne-thomas-a-la-balade-des-ateliers-de-chantenay-nantes-le-22-septembre-de-11h-a-18h;1;301
^/archives/343-[^/]*$;/evenement/les-editions-passiflore-au-festival-les-landes-terres-de-talents-mont-de-marsan-les-21-et-22-septembre;1;301
^/archives/332-[^/]*$;/evenement/fabienne-thomas-a-la-gede-aux-livres-a-batz-sur-mer-le-15-septembre-a-11h;1;301
^/archives/327-[^/]*$;/evenement/parents-de-rugbyman-heureux-le-1er-septembre-a-la-librairie-jaufre-rudel-de-blaye;1;301
^/archives/335-[^/]*$;/evenement/leon-mazzella-aux-cinq-cantons-pour-dedicacer-anglet-le-dimanche-19-aout;1;301
^/archives/321-[^/]*$;/evenement/patrick-azzurra-a-l-espace-culturel-leclerc-de-mimizan-le-samedi-18-aout-2018;1;301
^/archives/314-[^/]*$;/evenement/patrick-azzurra-au-cultura-de-la-teste-de-buch-le-11-aout-2018;1;301
^/archives/325-[^/]*$;/evenement/dedicace-de-jean-michel-lafon-illustrateur-de-parents-de-rugbyman-heureux-le-10-aout-de-10h30-a-12h;1;301
^/archives/326-[^/]*$;/evenement/dedicace-de-jean-michel-lafon-illustrateur-de-parents-de-rugbyman-heureux-le-10-aout-a-la-fnac-d-anglet;1;301
^/archives/331-[^/]*$;/evenement/patrick-azzurra-au-leclerc-d-ares-le-samedi-04-aout-a-partir-de-10h00;1;301
^/archives/322-[^/]*$;/evenement/patrick-azzurra-a-soulac-le-samedi-28-juillet-a-partir-de-10h;1;301
^/archives/324-[^/]*$;/evenement/dedicace-de-jean-michel-lafon-illustrateur-de-parents-de-rugbyman-heureux-le-25-juillet-a-la-librairie-alice-au-cap-ferret;1;301
^/archives/313-[^/]*$;/evenement/marcus-et-peritas-sur-les-berges-ephemeres-a-dax-le-20-juillet-2018-a-15-heures;1;301
^/archives/329-[^/]*$;/evenement/rencontres-avec-patrice-larrosa-et-bernard-carrere-fetes-de-la-madeleine-2018;1;301
^/archives/320-[^/]*$;/evenement/marie-laure-hubert-nasser-a-contis-le-13-juillet-2018-a-19h;1;301
^/archives/315-[^/]*$;/evenement/patrick-azzurra-au-tabac-journaux-des-5-cantons-a-anglet-le-8-juillet-2018;1;301
^/archives/311-[^/]*$;/evenement/les-editions-passiflore-et-leurs-auteurs-au-salon-d-hossegor-du-6-au-8-juillet;1;301
^/archives/318-[^/]*$;/evenement/patrick-azzurra-au-cultura-de-merignac-le-samedi-23-juin-2018;1;301
^/archives/312-[^/]*$;/evenement/florence-d-oria-et-jean-marc-benedetti-les-16-17-juin-2018-a-champcevinel-livre-en-fete;1;301
^/archives/305-[^/]*$;/evenement/mary-luce-pla-en-direct-sur-frequence-grands-lacs-le-14-juin-a-15h30;1;301
^/archives/309-[^/]*$;/evenement/jean-michel-lafon-au-club-de-rugby-de-montfort-l-amaury-yvelines-le-9-juin;1;301
^/archives/306-[^/]*$;/evenement/pascale-dewambrechies-et-michel-barriere-a-la-manifestation-le-souffle-createur-les-vendredi-1er-samedi-2-et-dimanche-3-juin;1;301
^/archives/307-[^/]*$;/evenement/pascale-dewambrechies-le-samedi-26-mai-a-11h-a-la-bibliotheque-d-anglet;1;301
^/archives/294-[^/]*$;/evenement/patrick-azzurra-dans-la-galerie-marchande-d-auchan-lac-a-bordeaux-du-24-au-26-mai-2018;1;301
^/archives/293-[^/]*$;/evenement/patrick-azzurra-au-salon-du-livre-de-parentis-en-born-40-voix-libres-le-20-mai-2018;1;301
^/archives/304-[^/]*$;/evenement/conference-de-patrice-larrosa-le-mercredi-16-mai-a-19h-a-dax;1;301
^/archives/300-[^/]*$;/evenement/patrick-azzurra-a-la-maison-de-la-presse-le-marigny-de-parempuyre-le-5-mai;1;301
^/archives/310-[^/]*$;/evenement/jean-michel-cormary-le-5-mai-au-stade-de-rugby-de-saint-vincent-de-tyrosse-de-9h-a-13h;1;301
^/archives/302-[^/]*$;/evenement/jean-michel-cormary-jean-michel-lafon-et-jean-benedetti-aux-rencontres-a-lire-de-dax-le-29-avril;1;301
^/archives/301-[^/]*$;/evenement/marie-laure-hubert-nasser-a-la-maison-de-la-presse-le-cauderan-le-28-avril-a-10h;1;301
^/archives/303-[^/]*$;/evenement/patrick-azzurra-patrice-larrosa-sylvie-cazaban-et-mary-luce-pla-le-samedi-28-avril-aux-rencontres-a-lire-de-dax;1;301
^/archives/299-[^/]*$;/evenement/patrice-larrosa-et-francis-poustis-a-la-maison-de-la-presse-de-grenade-le-samedi-21-avril-2018-de-9h-a-12h;1;301
^/archives/292-[^/]*$;/evenement/patrick-azzurra-au-tabac-presse-de-ludon-medoc-le-14-avril;1;301
^/archives/296-[^/]*$;/evenement/pascale-dewambrechies-et-jean-marc-benedetti-les-14-et-15-avril-2018-a-la-fete-du-livre-de-soulac-sur-mer-33;1;301
^/archives/298-[^/]*$;/evenement/nicolas-vergonzeanne-francis-poustis-patrice-larrosa-et-francette-candau-a-la-foire-de-dax-landes-le-14-avril-de-14h30-a-17h;1;301
^/archives/295-[^/]*$;/evenement/jean-marc-benedetti-recu-en-avant-premiere-des-rencontres-a-lire-de-dax-le-13-avril;1;301
^/archives/288-[^/]*$;/evenement/les-editions-passiflore-a-escale-du-livre-de-bordeaux-du-6-au-8-avril-2018;1;301
^/archives/297-[^/]*$;/evenement/pascale-dewambrechies-le-3-avril-a-18h-a-la-bibliotheque-pour-tous-bordeaux-nansouty;1;301
^/archives/290-[^/]*$;/evenement/presentation-de-moi-et-les-miens-de-patrick-azzurra-le-28-mars-chez-passiflore-a-dax;1;301
^/archives/289-[^/]*$;/evenement/fabrice-sluys-invite-du-festival-litteraire-et-artistique-de-thenac-du-23-au-25-mars-2018;1;301
^/archives/291-[^/]*$;/evenement/les-17-et-18-mars-2018-le-salon-du-livre-de-caractere-de-quintin-22-accueille-fabienne-thomas;1;301
^/archives/287-[^/]*$;/evenement/les-ouvrages-des-editions-passiflore-au-salon-du-livre-de-paris-2018-du-16-au-19-mars;1;301
^/archives/282-[^/]*$;/evenement/atelier-d-ecriture-chez-passiflore-anime-par-anne-du-boucher-rendez-vous-2018-prochaines-dates-les-15-fevrier-et-15-mars;1;301
^/archives/234-[^/]*$;/evenement/jean-marc-benedetti-a-la-bibliotheque-de-begles-le-vendredi-9-fevrier-a-18h30;1;301
^/archives/284-[^/]*$;/evenement/leon-mazzella-invite-de-la-maison-basque-de-paris-le-dimanche-28-janvier-2018;1;301
^/archives/283-[^/]*$;/evenement/nuit-de-la-lecture-a-mugron-40-librairie-le-plumier-d-eugenie-avec-nicolas-vergonzeanne-et-francis-poustis-le-20-janvier;1;301
^/archives/285-[^/]*$;/evenement/bernard-carrere-invite-par-la-pena-toro-cardeno-de-grenade-sur-adour-le-20-janvier;1;301
^/archives/281-[^/]*$;/evenement/les-photographies-de-michel-barriere-exposees-a-paris-du-11-janvier-au-4-fevrier;1;301
^/archives/266-[^/]*$;/evenement/jean-michel-cormary-a-muret-et-toulouse-le-6-janvier-librairies-biffures;1;301
^/archives/252-[^/]*$;/evenement/jean-michel-cormary-et-jean-michel-lafon-au-super-u-de-fargues-saint-hilaire-le-23-decembre;1;301
^/archives/265-[^/]*$;/evenement/jean-michel-cormary-et-jean-michel-lafon-au-cultura-begles-le-22-decembre-a-15h;1;301
^/archives/251-[^/]*$;/evenement/jean-michel-cormary-et-jean-michel-lafon-a-l-espace-culturel-leclerc-de-saint-paul-les-dax-le-20-decembre;1;301
^/archives/280-[^/]*$;/evenement/florence-d-oria-en-dedicace-a-la-librairie-le-forum-arts-et-livres-a-mouans-sartoux-06-le-20-decembre;1;301
^/archives/247-[^/]*$;/evenement/pascale-dewambrechies-le-16-decembre-a-14h30-a-la-librairie-le-chapitre-de-dax-france-loisirs;1;301
^/archives/268-[^/]*$;/evenement/jean-marc-benedetti-a-l-espace-culturel-leclerc-de-pineuilh-le-16-decembre-a-14h;1;301
^/archives/269-[^/]*$;/evenement/florence-d-oria-a-la-librairie-autour-d-un-livre-cannes-le-16-decembre-a-16h;1;301
^/archives/258-[^/]*$;/evenement/jean-michel-cormary-a-l-espace-culturel-leclerc-d-aire-sur-l-adour-le-15-decembre-de-10h-a-12h-puis-a-partir-de-14h30;1;301
^/archives/259-[^/]*$;/evenement/des-seances-de-dedicaces-d-anglet-les-15-16-et-17-decembre-sur-la-cote-basque;1;301
^/archives/182-[^/]*$;/evenement/atelier-d-ecriture-chez-passiflore-anime-par-anne-du-boucher-calendrier-du-2eme-semestre-2017-prochain-rdv-14-decembre;1;301
^/archives/271-[^/]*$;/evenement/jean-michel-cormary-a-la-maison-de-la-presse-de-st-vincent-de-tyrosse-le-13-decembre-a-14h30;1;301
^/archives/275-[^/]*$;/evenement/soiree-lectures-chez-passiflore-le-13-decembre-a-partir-de-18h;1;301
^/archives/263-[^/]*$;/evenement/jean-michel-cormary-a-l-intermarche-de-parentis-le-9-decembre-a-9h;1;301
^/archives/241-[^/]*$;/evenement/presentation-d-anglet-le-4-decembre-a-18h-chez-mollat-en-presence-des-auteurs;1;301
^/archives/277-[^/]*$;/evenement/jean-michel-cormary-sur-tv7-bordeaux-le-4-decembre-a-19h10;1;301
^/archives/233-[^/]*$;/evenement/jean-marc-benedetti-au-salon-du-livre-de-foix-le-dimanche-3-decembre;1;301
^/archives/255-[^/]*$;/evenement/marie-laure-hubert-nasser-le-3-decembre-a-la-librairie-la-petite-machine-a-bordeaux-a-10h;1;301
^/archives/278-[^/]*$;/evenement/elisabeth-rollin-et-jean-marc-benedetti-au-salon-du-livre-de-foix-le-3-decembre-2017;1;301
^/archives/232-[^/]*$;/evenement/marie-laure-hubert-nasser-le-2-decembre-a-la-maison-de-la-presse-mondesir-de-merignac-a-9h30;1;301
^/archives/238-[^/]*$;/evenement/nicolas-vergonzeanne-et-francis-poustis-a-la-mediatheque-de-pey-landes-le-2-decembre-a-18h;1;301
^/archives/242-[^/]*$;/evenement/jean-marc-benedetti-a-la-librairie-marbot-de-perigueux-le-samedi-2-decembre-a-15h;1;301
^/archives/276-[^/]*$;/evenement/fabienne-thomas-le-2-decembre-2017-a-la-librairie-l-arbre-a-mots-a-rochefort-a-partir-de-16h15;1;301
^/archives/273-[^/]*$;/evenement/pascale-dewambrechies-et-jean-marc-benedetti-le-1er-decembre-a-18h30-a-la-librairie-georges-talence;1;301
^/archives/261-[^/]*$;/evenement/jean-michel-cormary-et-jean-michel-lafon-au-stade-guy-boniface-a-mont-de-marsan-le-26-novembre-a-12h30;1;301
^/archives/231-[^/]*$;/evenement/jean-marc-benedetti-a-la-librairie-montaigne-bergerac-le-samedi-25-novembre-a-partir-de-10h;1;301
^/archives/253-[^/]*$;/evenement/marie-laure-hubert-nasser-le-25-novembre-a-la-librairie-de-la-comedie-a-bordeaux;1;301
^/archives/257-[^/]*$;/evenement/jean-michel-cormary-et-jean-michel-lafon-a-la-librairie-dans-ma-librairie-d-agen-le-25-novembre-a-partir-de-15h;1;301
^/archives/270-[^/]*$;/evenement/elisabeth-rollin-a-la-mediatheque-d-orist-landes-le-25-novembre-a-10h30;1;301
^/archives/272-[^/]*$;/evenement/jean-marc-benedetti-a-la-maison-de-la-presse-mondesir-merignac-le-vendredi-24-novembre-a-partir-de-14h30;1;301
^/archives/267-[^/]*$;/evenement/pascale-dewambrechies-le-22-novembre-a-l-association-coeur-de-bastide-a-ste-foy-la-grande-a-18h;1;301
^/archives/230-[^/]*$;/evenement/pascale-dewambrechies-le-20-novembre-a-18h-a-la-librairie-le-failler-rennes;1;301
^/archives/239-[^/]*$;/evenement/marie-laure-hubert-nasser-le-18-novembre-en-dedicace;1;301
^/archives/256-[^/]*$;/evenement/les-editions-passiflore-et-leurs-auteurs-au-salon-les-idees-menent-le-monde-a-pau-du-17-au-19-novembre-2017;1;301
^/archives/260-[^/]*$;/evenement/jean-michel-cormary-et-jean-michel-lafon-au-cultura-champniers-angouleme-le-18-novembre-a-10h;1;301
^/archives/250-[^/]*$;/evenement/jean-michel-cormary-et-jean-michel-lafon-a-la-librairie-darrigade-de-biarritz-le-11-novembre-a-11h;1;301
^/archives/249-[^/]*$;/evenement/remise-des-prix-de-notre-concours-de-nouvelles-le-8-novembre-a-19h;1;301
^/archives/240-[^/]*$;/evenement/florence-d-oria-a-la-librairie-expression-le-4-novembre-a-11h;1;301
^/archives/244-[^/]*$;/evenement/marie-laure-hubert-nasser-le-4-novembre-sur-la-cote-basque;1;301
^/archives/248-[^/]*$;/evenement/le-metier-d-editeur-passiflore-vous-accueille-le-26-octobre-a-partir-de-16h-pour-vous-en-parler;1;301
^/archives/237-[^/]*$;/evenement/les-21-et-22-octobre-leon-mazzella-sebastien-carnet-et-regis-guichenducq-dedicacent-anglet;1;301
^/archives/235-[^/]*$;/evenement/fetons-la-sortie-de-anglet-le-vendredi-20-octobre-a-18h;1;301
^/archives/227-[^/]*$;/evenement/jean-marc-benedetti-au-salon-de-la-brede-le-dimanche-15-octobre-a-15h30;1;301
^/archives/228-[^/]*$;/evenement/les-auteurs-des-editions-passiflore-au-salon-de-la-brede-les-14-et-15-octobre;1;301
^/archives/223-[^/]*$;/evenement/marie-laure-hubert-nasser-en-dedicace-le-samedi-14-octobre-a-la-fnac-bordeaux-lac-de-15h-a-19h;1;301
^/archives/226-[^/]*$;/evenement/jean-marc-benedetti-a-l-association-coeur-de-bastide-le-samedi-14-octobre-a-18h;1;301
^/archives/236-[^/]*$;/evenement/nicolas-vergonzeanne-et-les-rameuses-de-l-atlantique-a-sports-a-la-page-de-castets-les-13-et-14-octobre;1;301
^/archives/225-[^/]*$;/evenement/jean-marc-benedetti-a-la-machine-a-musique-lignerolles-le-jeudi-12-octobre-a-18h30;1;301
^/archives/224-[^/]*$;/evenement/pascale-dewambrechies-a-lire-en-poche-gradignan-33-les-7-8-octobre-2017;1;301
^/archives/229-[^/]*$;/evenement/les-editions-passiflore-au-salon-lire-en-tursan-de-geaune-les-7-et-8-octobre;1;301
^/archives/222-[^/]*$;/evenement/presentation-de-semblant-sortir-du-noir-de-marie-laure-hubert-nasser-le-3-octobre-chez-mollat;1;301
^/archives/221-[^/]*$;/evenement/automne-bleu-de-cyrille-vidal-a-la-fete-de-la-palombe-a-bazas-le-30-septembre;1;301
^/archives/219-[^/]*$;/evenement/rencontre-avec-pascale-dewambrechies-a-19h-a-l-arbre-a-mots-de-rochefort-le-28-septembre;1;301
^/archives/217-[^/]*$;/evenement/conference-de-l-auteur-a-l-editeur-mardi-26-septembre-a-20h-groupe-scolaire-saint-jacques-de-compostelle-a-dax;1;301
^/archives/218-[^/]*$;/evenement/elisabeth-rollin-au-salon-du-livre-de-vic-en-bigorre-le-23-septembre;1;301
^/archives/212-[^/]*$;/evenement/le-metier-d-editeur-passiflore-vous-accueille-le-14-septembre-a-partir-de-16h-pour-vous-en-parler;1;301
^/archives/220-[^/]*$;/evenement/rencontre-avec-pascale-dewambrechies-a-19h-a-la-librairie-caracteres-de-mont-de-marsan-le-7-septembre;1;301
^/archives/213-[^/]*$;/evenement/pascale-dewambrechies-aux-berges-ephemeres-le-25-aout-a-15h;1;301
^/archives/215-[^/]*$;/evenement/bernard-carrere-aux-arenes-de-mimizan-le-19-aout;1;301
^/archives/214-[^/]*$;/evenement/ken-aux-ateliers-de-couthures-le-30-juillet-a-16h;1;301
^/archives/211-[^/]*$;/evenement/fabienne-thomas-le-22-juillet-2017-a-saint-pierre-de-quiberon-pour-quai-des-ecrivains;1;301
^/archives/216-[^/]*$;/evenement/l-exposition-toreart-accueille-la-collection-des-ouvrages-taurins-de-passiflore-du-19-au-23-juillet-2017-a-mont-de-marsan;1;301
^/archives/179-[^/]*$;/evenement/pascale-dewambrechies-au-salon-du-livre-d-hossegor-le-08-juillet-2017;1;301
^/archives/201-[^/]*$;/evenement/florence-d-oria-et-son-premier-roman-les-pieds-dans-le-vide-a-la-librairie-les-mots-passants-le-8-juillet;1;301
^/archives/210-[^/]*$;/evenement/bernard-carrere-aux-arenes-d-eauze-le-samedi-8-juillet-2017;1;301
^/archives/207-[^/]*$;/evenement/ken-dans-l-emission-dans-quel-monde-on-vit-sur-france-inter-le-7-juillet-2017-de-9h-a-10h;1;301
^/archives/209-[^/]*$;/evenement/les-editions-passiflore-au-salon-du-livre-d-hossegor-du-7-au-9-juillet-2017;1;301
^/archives/206-[^/]*$;/evenement/fabrice-sluys-en-dedicace-a-la-librairie-20-000-jeux-sous-les-livres-a-artigues-33-le-1er-juillet;1;301
^/archives/197-[^/]*$;/evenement/elisabeth-rollin-a-bougue-le-vendredi-30-juin-a-18h30;1;301
^/archives/194-[^/]*$;/evenement/rencontre-avec-pascale-dewambrechies-le-27-juin-a-la-librairie-coiffard-de-nantes;1;301
^/archives/195-[^/]*$;/evenement/les-editions-passiflore-participent-aux-rencontres-nationales-de-la-librairie-independante-les-25-et-26-juin;1;301
^/archives/199-[^/]*$;/evenement/rencontre-avec-pascale-dewambrechies-a-18-h-30-a-la-librairie-olympique-a-bordeaux-le-mercredi-21-juin;1;301
^/archives/208-[^/]*$;/evenement/pascale-dewambrechies-au-festival-livre-en-fete-de-champcevinel-24-le-dimanche-25-juin;1;301
^/archives/202-[^/]*$;/evenement/apero-litteraire-a-la-rochelle-avec-pascale-dewambrechies-le-samedi-17-juin-a-12h;1;301
^/archives/203-[^/]*$;/evenement/elisabeth-rollin-au-cultura-de-portet-sur-garonne-31-le-samedi-17-juin;1;301
^/archives/198-[^/]*$;/evenement/ken-a-la-mediatheque-meriadeck-a-bordeaux-le-jeudi-8-juin-a-partir-de-18h;1;301
^/archives/200-[^/]*$;/evenement/pascale-dewambrechies-a-castillon-le-samedi-10-juin-2017;1;301
^/archives/178-[^/]*$;/evenement/pascale-dewambrechies-au-centre-culturel-leclerc-de-saint-medard-en-jalles-le-03-juin-2017;1;301
^/archives/186-[^/]*$;/evenement/jacques-durand-et-blaise-volckaert-a-la-feria-de-nimes-les-3-et-4-juin-2017;1;301
^/archives/196-[^/]*$;/evenement/rencontre-avec-pascale-dewambrechies-le-2-juin-a-la-librairie-la-folie-en-tete-a-la-reole;1;301
^/archives/193-[^/]*$;/evenement/elisabeth-rollin-a-la-librairie-lacoste-a-mont-de-marsan-le-27-mai-2017;1;301
^/archives/379-[^/]*$;/evenement/chantal-detcherry-interwievee-par-daniele-lacoste-sur-rcf-bordeaux-les-20-21-decembre;1;301
^/archives/192-[^/]*$;/evenement/pascale-dewambrechies-de-retour-a-chambery-le-samedi-20-mai-2017;1;301
^/archives/191-[^/]*$;/evenement/la-librairie-decitre-a-lyon-part-dieu-accueille-pascale-dewambrechies-le-19-mai-a-17h30;1;301
^/archives/188-[^/]*$;/evenement/fabrice-sluys-au-festival-du-premier-roman-de-chambery-du-18-au-21-mai-2017;1;301
^/archives/177-[^/]*$;/evenement/pascale-dewambrechies-sera-a-la-librairie-de-la-comedie-a-bordeaux-le-13-mai-2017;1;301
^/archives/190-[^/]*$;/evenement/dedicaces-pascale-dewambrechies-sera-au-cultura-de-la-teste-le-06-mai-2017;1;301
^/archives/175-[^/]*$;/evenement/pascale-dewambrechies-a-l-espace-culturel-leclerc-de-sainte-eulalie-le-05-mai-2017;1;301
^/archives/185-[^/]*$;/evenement/rencontre-autour-de-l-enfant-roman-de-fabienne-thomas-a-la-menitre-49-samedi-29-avril-2017;1;301
^/archives/189-[^/]*$;/evenement/pascale-dewambrechies-le-samedi-29-avril-2017-de-10h-a-18h-a-cultura-begles;1;301
^/archives/174-[^/]*$;/evenement/pascale-dewambrechies-le-22-avril-2017-a-la-librairie-louis-xiv-a-st-jean-de-luz;1;301
^/archives/173-[^/]*$;/evenement/pascale-dewambrechies-le-20-avril-2017-a-18h-a-la-librairie-georges-talence;1;301
^/archives/184-[^/]*$;/evenement/bernard-carrere-jacques-durand-et-blaise-volckaert-en-arles-le-dimanche-16-avril;1;301
^/archives/187-[^/]*$;/evenement/fabrice-sluys-recoit-le-prix-des-premieres-realisations-de-l-ardua;1;301
^/archives/183-[^/]*$;/evenement/fabienne-thomas-a-la-5eme-fete-du-livre-de-quiberon-les-15-et-16-avril-2017;1;301
^/archives/172-[^/]*$;/evenement/pascale-dewambrechies-a-l-escale-du-livre-de-bordeaux-le-02-avril-2017;1;301
^/archives/167-[^/]*$;/evenement/passiflore-a-l-escale-du-livre-de-bordeaux-du-31-mars-au-2-avril;1;301
^/archives/168-[^/]*$;/evenement/pascale-dewambrechies-et-florence-d-oria-presentes-le-samedi-25-mars;1;301
^/archives/162-[^/]*$;/evenement/chantal-detcherry-a-la-nuit-des-rois-rue-des-ayres-a-bordeaux-le-23-mars-2017-a-18h30;1;301
^/archives/170-[^/]*$;/evenement/pascale-dewambrechies-le-18-mars-2017-au-cultura-de-merignac;1;301
^/archives/181-[^/]*$;/evenement/elisabeth-rollin-au-cultura-de-balma-le-18-mars-2017;1;301
^/archives/169-[^/]*$;/evenement/fabrice-sluys-a-la-mediatheque-de-hagetmau-le-vendredi-17-mars-2017-a-18h30;1;301
^/archives/166-[^/]*$;/evenement/observer-pour-comprendre-un-taureau-de-combat-par-bernard-carrere-le-16-mars-a-19h-a-campo-charro-dax;1;301
^/archives/164-[^/]*$;/evenement/pascale-dewambrechies-presentera-juste-la-lumiere-le-samedi-11-mars-2017-a-15h-aux-rencontres-a-lire-de-dax;1;301
^/archives/165-[^/]*$;/evenement/les-editions-passiflore-au-salon-les-rencontres-a-lire-de-dax-du-10-au-12-mars-2017;1;301
^/archives/171-[^/]*$;/evenement/presentation-de-juste-la-lumiere-a-la-machine-a-lire-a-bordeaux-le-10-mars-2017;1;301
^/archives/180-[^/]*$;/evenement/pascale-dewambrechies-au-salon-du-livre-de-la-brede-les-14-et-15-octobre-2017;1;301
^/archives/163-[^/]*$;/evenement/chantal-detcherry-a-la-librairie-olympique-a-bordeaux-le-7-mars-2017-a-19h;1;301
^/archives/136-[^/]*$;/evenement/michel-barriere-en-exposition-a-l-atrium-culture-de-dax-du-16-janvier-au-11-fevrier-2017;1;301
^/archives/160-[^/]*$;/evenement/rencontre-dedicace-avec-michel-barriere-chez-chapitrecom-a-dax-le-11-fevrier-apres-midi;1;301
^/archives/161-[^/]*$;/evenement/l;1;301
^/archives/158-[^/]*$;/evenement/atelier-d-ecriture-le-jeudi-16-fevrier-autour-d-anne-du-boucher;1;301
^/archives/156-[^/]*$;/evenement/elisabeth-rollin-le-27-janvier-a-la-librairie-campus-dax;1;301
^/archives/155-[^/]*$;/evenement/elisabeth-rollin-le-15-janvier-a-montgiscard-31-salon-du-livre;1;301
^/archives/159-[^/]*$;/evenement/jean-louis-le-breton-a-la-mediatheque-du-houga-32-le-28-janvier-a-10h;1;301
^/archives/122-[^/]*$;/evenement/atelier-d-ecriture-chez-passiflore-anime-par-anne-du-boucher-prochain-rdv-le-jeudi-15-decembre;1;301
^/archives/138-[^/]*$;/evenement/nicolas-vergonzeanne-et-francis-poustis-a-saint-vincent-de-tyrosse-le-15-decembre-a-19h;1;301
^/archives/153-[^/]*$;/evenement/ken-a-la-librairie-georges-talence-le-14-decembre-a-18h30;1;301
^/archives/151-[^/]*$;/evenement/marie-laure-hubert-nasser-a-st-jean-de-luz-et-hendaye-le-10-decembre;1;301
^/archives/154-[^/]*$;/evenement/rencontre-dedicace-avec-michel-barriere-chez-campus-dax-le-10-decembre-de-11h-a-13h;1;301
^/archives/134-[^/]*$;/evenement/presentation-de-dax-soixante-dix-les-9-10-decembre-a-dax;1;301
^/archives/135-[^/]*$;/evenement/presentation-de-sables-le-8-decembre-a-dax;1;301
^/archives/146-[^/]*$;/evenement/elisabeth-rollin-a-la-maison-de-la-presse-de-grenade-sur-l-adour-le-3-decembre;1;301
^/archives/152-[^/]*$;/evenement/les-editions-passiflore-a-la-maison-nouvelle-aquitaine-site-caumartin-pour-le-marche-de-noel-de-paris-le-3-decembre;1;301
^/archives/141-[^/]*$;/evenement/presentation-de-voir-ailleurs-qui-je-suis-le-1er-decembre-a-dax;1;301
^/archives/149-[^/]*$;/evenement/rencontres-avec-jean-louis-le-breton-fin-novembre-2016;1;301
^/archives/150-[^/]*$;/evenement/les-editions-passiflore-au-marche-de-noel-de-mees-40-le-dimanche-27-novembre;1;301
^/archives/140-[^/]*$;/evenement/nicolas-vergonzeanne-et-francis-poustis-en-conference-le-24-novembre-a-la-galerie-d-art-de-l-atrium-culture-dax;1;301
^/archives/147-[^/]*$;/evenement/michel-barriere-en-exposition-a-la-charite-sur-loire-du-3-au-26-novembre;1;301
^/archives/139-[^/]*$;/evenement/salon-du-livre-de-pau-du-18-au-20-novembre;1;301
^/archives/143-[^/]*$;/evenement/john-hirvois-au-rendez-vous-du-carnet-de-voyage-du-18-au-20-novembre;1;301
^/archives/148-[^/]*$;/evenement/les-editions-passiflore-au-salon-l-autre-livre-paris-du-11-au-13-novembre;1;301
^/archives/133-[^/]*$;/evenement/vernissage-de-marc-dubos-au-vent-delire-a-capbreton-le-5-novembre-a-18h;1;301
^/archives/144-[^/]*$;/evenement/fabrice-sluys-a-la-mediatheque-de-samadet-le-4-novembre-a-19h;1;301
^/archives/145-[^/]*$;/evenement/marie-laure-hubert-nasser-a-la-convention-pirate-le-22-octobre;1;301
^/archives/130-[^/]*$;/evenement/marie-laure-hubert-nasser-ken-et-fabrice-sluys-a-la-brede-les-15-et-16-octobre-2016;1;301
^/archives/142-[^/]*$;/evenement/fabienne-thomas-au-salon-d-auteurs-a-bouaye-44-le-15-octobre;1;301
^/archives/128-[^/]*$;/evenement/pascale-dewambrechies-le-13-octobre-au-marque-pages-mont-de-marsan;1;301
^/archives/129-[^/]*$;/evenement/fabienne-thomas-invitee-par-les-mediatheques-de-vendee-pour-handi-cap;1;301
^/archives/111-[^/]*$;/evenement/journee-hispano-landaise-a-saint-paul-les-dax-arenes-le-dimanche-9-octobre;1;301
^/archives/137-[^/]*$;/evenement/marie-laure-hubert-nasser-en-conference-a-lire-en-poche-le-9-octobre;1;301
^/archives/126-[^/]*$;/evenement/les-editions-passiflore-au-salon-du-livre-lire-en-tursan-les-8-et-9-octobre;1;301
^/archives/131-[^/]*$;/evenement/chantal-detcherry-et-john-hirvois-au-festival-bouq-et-broc-les-7-et-8-octobre-a-bordeaux;1;301
^/archives/127-[^/]*$;/evenement/jean-louis-le-breton-a-la-mediatheque-de-biarritz-le-1er-octobre-a-16h;1;301
^/archives/132-[^/]*$;/evenement/fabrice-sluys-a-l-espace-culturel-leclerc-de-st-medard-en-jalles-le-1er-octobre;1;301
^/archives/125-[^/]*$;/evenement/veronique-sauequere-hubert-a-la-mediatheque-de-pontonx-fin-septembre;1;301
^/archives/123-[^/]*$;/evenement/francis-poustis-au-musee-de-la-chalosse-a-montfort-le-18-septembre-pour-les-journees-du-patrimoine;1;301
^/archives/120-[^/]*$;/evenement/jean-louis-le-breton-a-la-mediatheque-de-bougue-40-le-vendredi-16-septembre-2016-a-partir-de-18h30;1;301
^/archives/121-[^/]*$;/evenement/chantal-detcherry-pascale-dewambrechies-et-marie-laure-hubert-nasser-a-la-mediatheque-jacques-ellul-a-pessac-33;1;301
^/archives/114-[^/]*$;/evenement/des-livres-autour-d-un-the-chez-passiflore-a-dax-le-lundi-29-aout-a-partir-de-15h30;1;301
^/archives/118-[^/]*$;/evenement/jean-louis-le-breton-au-salon-du-livre-de-montcuq-en-quercy-blanc-le-dimanche-14-aout-2016;1;301
^/archives/119-[^/]*$;/evenement/bernard-dussarrat-et-bertrand-caritey-en-dedicace-au-tabac-presse-le-pacha-a-dax-le-14-aout;1;301
^/archives/116-[^/]*$;/evenement/la-collection-taurine-de-passiflore-a-toreart-mont-de-marsan-du-20-au-24-juillet-bernard-dussarrat-sur-france-bleu-gascogne;1;301
^/archives/112-[^/]*$;/evenement/fabienne-thomas-au-salon-du-livre-de-carnac-les-23-et-24-juillet-2016-librairie-port-maria;1;301
^/archives/106-[^/]*$;/evenement/les-photos-de-ken-a-dax-du-4-juin-au-24-juillet-dans-le-cadre-du-festival-de-la-photographie;1;301
^/archives/107-[^/]*$;/evenement/atelier-d-ecriture-chez-passiflore-anime-par-anne-du-boucher-prochain-rdv-le-jeudi-7-juillet;1;301
^/archives/109-[^/]*$;/evenement/fabrice-sluys-en-dedicace-a-l-espace-culturel-leclerc-de-sainte-eulalie-33-le-samedi-18-juin-apres-midi;1;301
^/archives/110-[^/]*$;/evenement/les-editions-passiflore-au-salon-du-livre-d-hossegor-du-1er-au-3-juillet-2016;1;301
^/archives/113-[^/]*$;/evenement/fabrice-sluys-en-dedicace-a-cultura-begles-rives-d-arcins-33-le-samedi-25-juin-apres-midi;1;301
^/archives/115-[^/]*$;/evenement/marc-dubos-au-festival-arte-flamenco-a-mont-de-marsan-du-4-au-9-juillet-2016-dedicace-place-saint-roch;1;301
^/archives/108-[^/]*$;/evenement/jean-louis-le-breton-au-salon-du-livre-de-condom-32-le-samedi-18-juin-2016;1;301
^/archives/117-[^/]*$;/evenement/bernard-dussarrat-au-cercle-taurin-tyrossais-le-17-juillet;1;301
^/archives/103-[^/]*$;/evenement/fabrice-sluys-au-salon-du-livre-de-marmande-lire-au-jardin-librairie-libellule-le-samedi-11-juin-apres-midi;1;301
^/archives/105-[^/]*$;/evenement/francis-poustis-a-soustons-le-11-juin-a-partir-de-14h-participation-au-rugby-club-orchestra;1;301
^/archives/102-[^/]*$;/evenement/nos-guides-a-velo-participent-a-la-fete-du-velo-a-bordeaux-darwin-le-dimanche-5-juin-de-11h-a-19h;1;301
^/archives/104-[^/]*$;/evenement/portes-ouvertes-chez-passiflore-a-dax-le-mercredi-8-juin-de-15h30-a-17h30-avec-l-auteur-jean-louis-le-breton;1;301
^/archives/101-[^/]*$;/evenement/marc-dubos-a-l-institut-cervantes-a-bordeaux-le-2-juin-2016-conference-a-18h-avec-sandrine-rabassa;1;301
^/archives/97-[^/]*$;/evenement/jean-louis-le-breton-et-fabrice-sluys-en-dedicace-a-l-espace-culturel-leclerc-de-langon-le-samedi-28-mai;1;301
^/archives/99-[^/]*$;/evenement/john-hirvois-et-chantal-detcherry-au-salon-des-litteratures-de-voyage-de-pessac-du-20-au-22-mai-la-grande-evasion;1;301
^/archives/98-[^/]*$;/evenement/exposition-des-photographies-de-ken-a-cauderan-centre-monsejour-du-11-au-27-mai-vernissage-le-13-mai;1;301
^/archives/100-[^/]*$;/evenement/fabrice-sluys-en-dedicace-a-yvrac-a-la-maison-de-la-presse-de-mme-bouyer-le-samedi-21-mai-de-10h-a-13h;1;301
^/archives/96-[^/]*$;/evenement/fabienne-thomas-a-batz-sur-mer-librairie-la-gede-aux-livres-le-samedi-14-mai-a-17h30;1;301
^/archives/95-[^/]*$;/evenement/rencontre-avec-bernard-dussarrat-librairie-parenthese-cc-porte-sud-dax-le-samedi-7-mai-de-10h30-a-12h30;1;301
^/archives/90-[^/]*$;/evenement/francis-poustis-a-saubrigues-le-4-mai-a-19h30-soiree-debat-rugby-d-hier-et-d-aujourd-hui;1;301
^/archives/94-[^/]*$;/evenement/fabienne-thomas-a-thouare-sur-loire-44-le-vendredi-29-et-le-samedi-30-avril-2016;1;301
^/archives/92-[^/]*$;/evenement/francette-candau-et-francis-poustis-a-la-mediatheque-de-begaar-le-28-avril-a-19h;1;301
^/archives/93-[^/]*$;/evenement/fabienne-thomas-au-salon-du-livre-de-pornic-44-le-samedi-23-avril-de-10h-a-18h;1;301
^/archives/89-[^/]*$;/evenement/passiflore-aux-rencontres-a-lire-salon-du-livre-de-dax-les-21-22-23-avril-2016;1;301
^/archives/83-[^/]*$;/evenement/presentation-de-morandouna-le-pays-d-en-haut-le-24-mars-a-dax;1;301
^/archives/91-[^/]*$;/evenement/chantal-detcherry-marie-laure-hubert-nasser-ken-et-fabienne-thomas-a-soulac-33-les-16-17-avril-2016;1;301
^/archives/80-[^/]*$;/evenement/chantal-detcherry-a-la-librairie-georges-a-talence-le-31-mars-2016-a-partir-de-18h;1;301
^/archives/81-[^/]*$;/evenement/les-editions-passiflore-a-l-escale-du-livre-de-bordeaux-les-1er-2-et-3-avril;1;301
^/archives/86-[^/]*$;/evenement/presentation-de-dax-en-habits-de-lumiere-aux-arenes-de-dax-le-mardi-29-mars-a-19h;1;301
^/archives/87-[^/]*$;/evenement/les-editions-passiflore-au-salon-du-livre-de-paris-du-16-au-20-mars-2016;1;301
^/archives/88-[^/]*$;/evenement/fabienne-thomas-a-bouaye-44-le-vendredi-1er-avril-a-18h;1;301
^/archives/82-[^/]*$;/evenement/exposition-des-photographies-de-ken-a-bouliac-centre-francois-mauriac-du-11-au-14-mars-vernissage-le-11-mars;1;301
^/archives/85-[^/]*$;/evenement/lecture-de-l-effacement-de-pascale-dewambrechies-le-8-mars-theatre-de-la-lucarne-a-bordeaux;1;301
^/archives/84-[^/]*$;/evenement/participation-de-marie-laure-hubert-nasser-a-regards-croises-vendredi-4-mars-11h;1;301
^/archives/79-[^/]*$;/evenement/les-editions-passiflore-au-colloque-ardua-les-3-4-5-mars-2016-a-bordeaux;1;301
^/archives/70-[^/]*$;/evenement/atelier-d-ecriture-chez-passiflore-anime-par-anne-du-boucher-prochain-rdv-le-mardi-1er-mars;1;301
^/archives/71-[^/]*$;/evenement/nicolas-vergonzeanne-et-francis-poustis-a-la-mediatheque-du-marsan-le-jeudi-4-fevrier-a-18h30;1;301
^/archives/75-[^/]*$;/evenement/rencontres-avec-quatre-auteures-a-nantes-les-5-6-fevrier;1;301
^/archives/76-[^/]*$;/evenement/pascale-dewambrechies-et-marie-laure-hubert-nasser-a-espace-culturel-leclerc-st-medard-en-jalles-le-21-janvier-2016;1;301
^/archives/77-[^/]*$;/evenement/les-editions-passiflore-au-salon-du-livre-de-navarrenx-les-30-31-janvier-2016;1;301
^/archives/78-[^/]*$;/evenement/les-editions-passiflore-sur-souvenirs-fm-le-mercredi-20-janvier-de-12h-a-13h;1;301
^/archives/72-[^/]*$;/evenement/francis-poustis-a-hagetmau-le-19-decembre-promotions-de-noel-au-70;1;301
^/archives/69-[^/]*$;/evenement/fabienne-thomas-a-chateaubriant-44-le-samedi-9-janvier-2016-de-15h30-a-17h-pour-un-cafe-litteraire-a-l-amazone;1;301
^/archives/73-[^/]*$;/evenement/chantal-detcherry-a-la-bibliotheque-de-saint-martin-de-re-le-18-decembre-a-18h;1;301
^/archives/74-[^/]*$;/evenement/pascale-dewambrechies-a-recu-le-prix-du-metro-goncourt-a-paris-le-10-decembre-2015-agence-epiceum;1;301
^/archives/68-[^/]*$;/evenement/marie-laure-hubert-nasser-a-la-maison-de-la-presse-le-cauderan-157-rue-pasteur-a-bordeaux-le-samedi-12-decembre-a-partir-de-14h;1;301
^/archives/64-[^/]*$;/evenement/chantal-detcherry-a-la-mediatheque-d-ambares-lagrave-le-11-decembre-a-20h30;1;301
^/archives/54-[^/]*$;/evenement/les-editions-passiflore-a-la-mediatheque-de-bayonne-le-5-decembre;1;301
^/archives/57-[^/]*$;/evenement/soiree-debat-sur-le-rugby-a-l-estrabuc-a-dax-le-jeudi-10-decembre-a-19h;1;301
^/archives/24-[^/]*$;/evenement/fabienne-thomas-en-dedicace-a-ste-luce-sur-loire-44-le-6-novembre-a-18h;1;301
^/archives/51-[^/]*$;/evenement/les-rencontres-litteraires-de-pau-20-21-et-22-novembre-2015;1;301
^/archives/53-[^/]*$;/evenement/fabienne-thomas-a-la-mediatheque-de-biarritz-le-25-et-26-novembre;1;301
^/archives/55-[^/]*$;/evenement/fabienne-thomas-a-la-librairie-l-alinea-bayonne-le-26-novembre;1;301
^/archives/56-[^/]*$;/evenement/jean-louis-le-breton-au-salon-du-livre-de-castelnau-d-auzan-le-29-novembre;1;301
^/archives/65-[^/]*$;/evenement/soiree-debat-quel-rugby-landais-pour-demain-le-jeudi-3-decembre-a-mont-de-marsan;1;301
^/archives/66-[^/]*$;/evenement/fabienne-thomas-a-la-librairie-la-bulle-a-nozay-44-le-samedi-5-decembre-de-10h-a-12h;1;301
^/archives/12-[^/]*$;/evenement/marie-laure-hubert-nasser-marraine-de-lire-a-douala-premier-salon-du-livre-de-douala-25-au-29-novembre-2015;1;301
^/archives/67-[^/]*$;/evenement/rendez-vous-lecture-a-la-galupe-a-urt-64-avec-leon-mazzella-le-jeudi-10-decembre-a-partir-de-18h30;1;301
^/archives/19-[^/]*$;/evenement/jean-louis-le-breton-en-dedicace-au-centre-culturel-leclerc-d-aire-sur-l-adour-le-24-octobre-2015;1;301
^/archives/20-[^/]*$;/evenement/jean-louis-le-breton-a-la-librairie-corbel-a-eauze-le-jeudi-29-octobre-a-partir-de-18h;1;301
^/archives/17-[^/]*$;/evenement/salon-du-livre-de-la-brede-les-17-18-octobre-2015;1;301
^/archives/21-[^/]*$;/evenement/fabienne-thomas-a-la-librairie-durance-a-nantes-le-23-octobre-2015;1;301
^/archives/23-[^/]*$;/evenement/jean-louis-le-breton-a-la-librairie-caracteres-a-mont-de-marsan-le-jeudi-12-novembre-a-partir-de-19h;1;301
^/archives/16-[^/]*$;/evenement/les-editions-passiflore-au-salon-de-geaune-les-10-11-octobre-2015;1;301
^/archives/18-[^/]*$;/evenement/rentree-litteraire-chez-passiflore-a-dax-40-le-vendredi-16-octobre-a-partir-de-19h;1;301
^/archives/15-[^/]*$;/evenement/fabienne-thomas-au-salon-du-livre-de-corsept-44-les-10-11-octobre-2015;1;301
^/archives/14-[^/]*$;/evenement/nicolas-vergonzeanne-au-championnat-de-france-des-ecarteurs-a-mont-de-marsan-le-4-octobre-2015;1;301
^/archives/22-[^/]*$;/evenement/fabienne-thomas-au-festival-du-livre-bibliopolis;1;301
^/archives/4-[^/]*$;/evenement/fabienne-thomas-en-dedicace-a-ste-luce-sur-loire-44-le-6-novembre-a-18h;1;301
^/archives/5-[^/]*$;/evenement/exposition-des-photos-de-ken-a-la-librairie-le-passeur-bordeaux-du-11-septembre-au-16-octobre-2015;1;301
^/archives/7-[^/]*$;/evenement/presentation-des-editions-passiflore-a-l-office-de-tourisme-de-dax-le-3-septembre;1;301
^/archives/8-[^/]*$;/evenement/jean-louis-le-breton-a-la-librairie-caracteres-a-mont-de-marsan-le-jeudi-12-novembre-a-partir-de-19h;1;301
^/archives/9-[^/]*$;/evenement/jean-louis-le-breton-a-la-librairie-corbel-a-eauze-le-jeudi-29-octobre-a-partir-de-18h;1;301
^/archives/10-[^/]*$;/evenement/fabienne-thomas-invitee-de-radio-alternantes-le-samedi-14-novembre;1;301
^/archives/11-[^/]*$;/evenement/fabienne-thomas-a-nozay-librairie-la-bulle-le-samedi-5-decembre-de-9h30-a-12h;1;301
^/archives/13-[^/]*$;/evenement/jean-louis-le-breton-en-dedicace-au-centre-culturel-leclerc-d-aire-sur-l-adour-le-24-octobre-2015;1;301
^/archives/59-[^/]*$;/evenement/conference-cultures-locales-et-identites-en-pays-landais-le-20-aout-2015;1;301
^/archives/50-[^/]*$;/evenement/veronique-sauequere-a-la-mediatheque-de-leon-le-26-juillet;1;301
^/archives/49-[^/]*$;/evenement/sandrine-rabassa-et-marc-dubos-aux-editions-passiflore-le-vendredi-17-juillet-2015-a-19h;1;301
^/archives/48-[^/]*$;/evenement/marc-dubos-a-la-librairie-caracteres-a-mont-de-marsan-le-9-juillet-2015-a-partir-de-17h;1;301
^/archives/47-[^/]*$;/evenement/chantal-detcherry-a-la-librairie-de-corinne-le-6-juillet-2015-a-soulac;1;301
^/archives/46-[^/]*$;/evenement/chantal-detcherry-a-la-librairie-presse-livres-le-4-juillet-2015-a-capbreton-40;1;301
^/archives/45-[^/]*$;/evenement/les-editions-passiflore-et-4-auteurs-au-salon-d-hossegor-les-3-4-5-juillet-2015;1;301
^/archives/44-[^/]*$;/evenement/l-atlantique-en-54-jours-presente-a-aire-sur-l-adour-le-10-juin;1;301
^/archives/43-[^/]*$;/evenement/bernard-carrere-a-captieux-le-7-juin-2015;1;301
^/archives/42-[^/]*$;/evenement/nicolas-vergonzeanne-au-festival-art-courage-le-6-juin;1;301
^/archives/41-[^/]*$;/evenement/pascale-dewambrechies-a-mont-de-marsan-le-5-juin-2015-apres-midi-et-soiree;1;301
^/archives/40-[^/]*$;/evenement/pascale-dewambrechies-a-chambery-du-mercredi-27-au-samedi-30-mai-2015;1;301
^/archives/39-[^/]*$;/evenement/bernard-carrere-a-nimes-les-22-et-23-mai-2015;1;301
^/archives/38-[^/]*$;/evenement/passiflore-aux-rencontres-a-lire-de-dax-les-24-25-26-avril-2015-avec-leurs-auteurs;1;301
^/archives/26-[^/]*$;/evenement/marie-laure-hubert-nasser-chez-cultura-begles-le-samedi-31-janvier-a-partir-de-15h;1;301
^/archives/37-[^/]*$;/evenement/passiflore-a-escale-du-livre-de-bordeaux-les-10-11-12-avril-2015;1;301
^/archives/34-[^/]*$;/evenement/exposition-des-photos-du-livre-comme-une-ombre-dans-la-ville-de-ken-rocher-palmer-a-cenon-33-du-2-au-27-mars;1;301
^/archives/36-[^/]*$;/evenement/nicolas-vergonzeanne-et-francis-poustis-a-la-bibliotheque-de-dax-le-jeudi-9-avril-2015-a-partir-de-18h30;1;301
^/archives/35-[^/]*$;/evenement/bernard-carrere-en-arles-les-4-5-avril-2015-auberge-espagnole;1;301
^/archives/33-[^/]*$;/evenement/presentation-de-regarder-pour-reconnaitre-un-taureau-de-combat-le-28-mars-2015-de-11h-a-14h-aux-halles-de-dax;1;301
^/archives/32-[^/]*$;/evenement/les-editions-passiflore-au-salon-du-livre-de-paris-2015-du-20-au-23-mars;1;301
^/archives/31-[^/]*$;/evenement/soiree-rencontre-lectures-avec-marie-laure-hubert-nasser-a-la-librairie-georges-talence-le-jeudi-5-mars-a-partir-de-18h;1;301
^/archives/30-[^/]*$;/evenement/comme-une-ombre-dans-la-ville-et-son-auteur-ken-presentes-a-la-machine-a-lire-le-26-fevrier-a-18h30;1;301
^/archives/29-[^/]*$;/evenement/fanny-leblond-le-14-fevrier-chez-lacoste-a-mont-de-marsan-dedicaces-collectives;1;301
^/archives/28-[^/]*$;/evenement/pascale-dewambrechies-a-la-bibliotheque-pour-tous-du-cours-de-la-somme-a-bordeaux-le-jeudi-12-fevrier-2015-de-15h-a-17h;1;301
^/archives/25-[^/]*$;/evenement/les-editions-passiflore-participent-au-10eme-anniversaire-de-la-mediatheque-de-biarritz-le-17-janvier-2015;1;301
^/archives/62-[^/]*$;/evenement/cyrille-vidal-a-l-espace-culturel-leclerc-de-saint-paul-les-dax-le-vendredi-5-decembre-2014-de-17h-a-20h;1;301
^/archives/27-[^/]*$;/evenement/marie-laure-hubert-nasser-chez-mollat-le-29-janvier-2015-pour-presenter-spleen-machine;1;301
^/archives/60-[^/]*$;/evenement/leon-mazzella-a-grenade-sur-l-adour-le-samedi-18-octobre-en-matinee;1;301
^/archives/63-[^/]*$;/evenement/jean-barrere-chez-passiflore-le-mercredi-10-decembre-a-20h30-conference-sur-la-palombe;1;301
^/archives/61-[^/]*$;/evenement/cyrille-vidal-a-capbreton-pour-dedicacer-automne-bleu-les-31-octobre-et-1er-novembre-2014;1;301
^/archives/1472-[^/]*$;/evenement/atelier-decriture-a-niort-anime-par-lautrice-francoise-guillaumond;1;301
